origin;destination;waypointsLong;waypointsLat
1;1;8.4346164083627 8.4346164083627;47.08617838693552 47.08617838693552
1;1;8.4346164083627 8.4346164083627;47.08617838693552 47.08617838693552
1;1;8.4346164083627 8.4346945 8.4334018 8.4408049 8.4404142 8.4387574 8.4346273 8.4346164083627;47.08617838693552 47.0860868 47.084286600000006 47.0809412 47.0800967 47.087148799999994 47.086144399999995 47.08617838693552
1;1;8.4346164083627 8.4387574 8.4346136 8.4346164083627;47.08617838693552 47.087148799999994 47.0861683 47.08617838693552
1;1;8.4346164083627 8.4394044 8.383621 8.3810378 8.3787839 8.3768112 8.374728900000001 8.3740214 8.3749442 8.3769697 8.378401299999998 8.3864481 8.3929341 8.3928485 8.3928485 8.3885358 8.393765199999999 8.3932835 8.392837599999998 8.3885358 8.391711599999999 8.396276 8.411475999999999 8.429998 8.4526007 8.464089999999999 8.4500281 8.4504811 8.4346164083627;47.08617838693552 47.0867945 47.086293700000006 47.088038299999994 47.0899032 47.091719899999994 47.0933584 47.0955644 47.0976545 47.099455600000006 47.101203399999996 47.111403499999994 47.115675599999996 47.115761 47.115761 47.115675599999996 47.1156145 47.115764299999995 47.1156057 47.115675599999996 47.1178083 47.1227958 47.134716100000006 47.140947499999996 47.1408314 47.1325073 47.1091989 47.1049714 47.08617838693552
1;1;8.4346164083627 8.4346164083627;47.08617838693552 47.08617838693552
1;2;8.4346164083627 8.435502 8.4395828 8.4999221 8.5025863 8.498514877548391;47.08617838693552 47.085004999999995 47.0873941 47.4221388 47.4205011 47.42089818119723
2;2;8.498514877548391 8.499236400000001 8.5041812 8.5041812 8.4992493 8.499281800000002 8.5001446 8.5018286 8.5018138 8.5000888 8.498514877548391;47.42089818119723 47.4223563 47.4225826 47.4225826 47.422319200000004 47.4223082 47.4220167 47.420967700000006 47.420964899999994 47.4212535 47.42089818119723
2;2;8.498514877548391 8.5017742 8.501838900000001 8.5019694 8.5019359 8.502018 8.5027711 8.5048555 8.506490300000001 8.506851900000001 8.5083309 8.5082839 8.508339900000001 8.508548300000001 8.508593300000001 8.508560099999999 8.5083561 8.508099099999999 8.5079392 8.507880300000002 8.507879800000001 8.507900300000001 8.507931800000001 8.507960800000001 8.5079828 8.5079968 8.546416699999998 8.5484222 8.5495009 8.550506599999999 8.5508172 8.550834599999998 8.5506433 8.550437400000002 8.5502618 8.550122300000002 8.540633099999999 8.540633099999999 8.540633099999999 8.540633099999999 8.540633099999999 8.540633099999999 8.540633099999999 8.540633099999999 8.5171819 8.5171819 8.5171819 8.5171819 8.5171819 8.5171819 8.5171819 8.5171819 8.508270699999999 8.508272 8.508270300000001 8.539571400000002 8.5396022 8.5383849 8.5362463 8.5338489 8.530903599999998 8.5298702 8.5298516 8.530904199999998 8.5331633 8.5345827 8.5367088 8.536612400000001 8.5266282 8.5266282 8.5266282 8.5171819 8.5171511 8.5171144 8.517159 8.5167588 8.516589300000001 8.516611300000001 8.5165269 8.517011199999999 8.5133925 8.5133925 8.5133925 8.5133925 8.5133925 8.5133925 8.5290196 8.5290196 8.5290196 8.5410117 8.5410117 8.5410117 8.5410117 8.5410117 8.5434183 8.5434183 8.5434183 8.5457821 8.5460672 8.5455647 8.547134300000002 8.5471324 8.5496532 8.5496532 8.548881800000002 8.546007000000001 8.544140400000002 8.5439635 8.5441484 8.544418499999999 8.5434453 8.542563699999999 8.5424385 8.5323715 8.5317939 8.5203819 8.516046099999999 8.5130573 8.5110315 8.5090756 8.507837 8.5072689 8.498514877548391;47.42089818119723 47.4208321 47.4209883 47.4210533 47.42091129999999 47.4209858 47.4206059 47.41963870000001 47.4190152 47.418881 47.4212191 47.420976 47.4209617 47.4209406 47.4209145 47.42094829999999 47.4211094 47.4213069 47.4214275 47.4214704 47.421469099999996 47.421452200000004 47.4214274 47.4214049 47.4213879 47.4213772 47.419102200000005 47.4191237 47.41913529999999 47.4171826 47.41682720000001 47.4167354 47.416862200000004 47.4170257 47.4171749 47.4173001 47.4107688 47.4107688 47.4107688 47.4107688 47.4107688 47.4107688 47.4107688 47.4107688 47.385238 47.385238 47.385238 47.385238 47.385238 47.385238 47.385238 47.385238 47.42080479999999 47.4208056 47.4208053 47.3786463 47.3780868 47.3777506 47.3781365 47.3785889 47.3790725 47.3787187 47.378587599999996 47.3787984 47.37760170000001 47.3767814 47.3783711 47.3792917 47.3827255 47.3827255 47.3827255 47.385238 47.3852402 47.38524279999999 47.3852232 47.385318100000006 47.3853569 47.385355700000005 47.3853761 47.3852256 47.386131899999995 47.386131899999995 47.386131899999995 47.386131899999995 47.386131899999995 47.386131899999995 47.39637020000001 47.39637020000001 47.39637020000001 47.409656 47.409656 47.409656 47.409656 47.409656 47.4113261 47.4113261 47.4113261 47.4120817 47.4119266 47.4116081 47.4140092 47.413917600000005 47.4166362 47.4166362 47.419123600000006 47.4188545 47.4182922 47.418157799999996 47.4181687 47.4182192 47.418257200000006 47.4181739 47.4181621 47.417026 47.4168711 47.4173916 47.4179314 47.419262700000004 47.4200747 47.420823999999996 47.4211758 47.420193700000006 47.42089818119723
2;2;8.498514877548391 8.4978037 8.4985996 8.498514877548391;47.42089818119723 47.4208531 47.4207435 47.42089818119723
2;1;8.498514877548391 8.497757199999999 8.4978624 8.5018378 8.497009599999998 8.943078 8.497009599999998 8.4346164083627;47.42089818119723 47.421063200000006 47.4214332 47.4208529 47.4240419 47.2417655 47.4240419 47.08617838693552
1;1;8.4346164083627 8.4346164083627;47.08617838693552 47.08617838693552
1;1;8.4346164083627 8.4346164083627;47.08617838693552 47.08617838693552
1;1;8.4346164083627 8.4346164083627;47.08617838693552 47.08617838693552
1;3;8.4346164083627 8.418448300000001 8.4398617 8.4398617 8.4398617 8.369315499999999 8.3682345 8.2437163 8.2440678 8.243350996666665;47.08617838693552 47.0900889 47.087067 47.087067 47.087067 47.0974338 47.0978591 47.0978901 47.0971892 47.09704112
3;3;8.243350996666665 8.2429566 8.2430393 8.243350996666665;47.09704112 47.0968349 47.09733920000001 47.09704112
3;3;8.243350996666665 8.2439273 8.243685300000001 8.2438815 8.243350996666665;47.09704112 47.0975052 47.0976766 47.096884700000004 47.09704112
3;3;8.243350996666665 8.243125599999999 8.2436617 8.243350996666665;47.09704112 47.097496899999996 47.0977371 47.09704112
3;1;8.243350996666665 8.2431336 8.2430141 8.2431776 8.2437208 8.2442101 8.2437622 8.2446211 8.3621807 8.3615732 8.3625989 8.3711774 8.381351700000002 8.4125806 8.381351700000002 8.4345663 8.434568800000001 8.4346164083627;47.09704112 47.0969994 47.0970185 47.0973901 47.0976469 47.097318900000005 47.0979042 47.096135600000004 47.093754100000005 47.0937252 47.094233 47.096621899999995 47.074839399999995 47.0894846 47.074839399999995 47.086168799999996 47.0861655 47.08617838693552
1;4;8.4346164083627 8.4334938 8.4353517 8.441852800000001 8.4348091 8.4477142 8.4466283 8.4384412 8.4323843 8.4322633 8.431270300000001 8.9471109 8.5134797 8.537725300000002 8.5134797 8.5389491 8.5134797 8.5134797 8.516589199999999 8.5134797 8.5134797 8.5456933 8.5455765 8.5467222 8.5485254 8.550341099999999 8.551789694547853;47.08617838693552 47.08425 47.0849096 47.0871564 47.0865217 47.109879 47.1246075 47.1330265 47.141325200000004 47.1413423 47.1422351 45.991895 47.1769703 47.3780979 47.1769703 47.3788108 47.1769703 47.1769703 47.3853906 47.1769703 47.1769703 47.4129509 47.412422 47.4119782 47.412192700000006 47.411723200000004 47.41138917345159
4;4;8.551789694547853 8.5514179 8.5518556 8.551789694547853;47.41138917345159 47.4113438 47.411015899999995 47.41138917345159
4;4;8.551789694547853 8.5515916 8.551789694547853;47.41138917345159 47.411396 47.41138917345159
4;4;8.551789694547853 8.551702800000001 8.5517597 8.5518871 8.5517754 8.5516845 8.551789694547853;47.41138917345159 47.4118805 47.411579100000004 47.4109638 47.411399100000004 47.411588200000004 47.41138917345159
4;4;8.551789694547853 8.5518871 8.5517531 8.5501076 8.5471977 8.5449965 8.551789694547853;47.41138917345159 47.4109638 47.4109622 47.412228799999994 47.4121552 47.4119069 47.41138917345159
4;1;8.551789694547853 8.536514500000001 8.5383981 8.538856599999999 8.5384989 8.5637545 8.564519500000001 8.561140199999999 8.5157867 8.515108099999999 8.4814576 8.4503334 8.4325146 8.440057800000002 8.465774 8.4627675 8.4499484 8.443303 8.561140199999999 8.561140199999999 8.4346164083627;47.41138917345159 47.3784602 47.378097 47.37793679999999 47.3780376 47.2963991 47.295891600000004 47.3000266 47.174826 47.1738588 47.1815846 47.1658943 47.14224960000001 47.1405859 47.1359381 47.1198226 47.1062605 47.0894203 47.3000266 47.3000266 47.08617838693552
1;1;8.4346164083627 8.4346164083627;47.08617838693552 47.08617838693552
1;1;8.4346164083627 8.4346164083627;47.08617838693552 47.08617838693552
1;1;8.4346164083627 8.4350308 8.413526699999998 8.3961424 8.4348091 8.3673982 8.364912599999998 8.363195900000001 8.361938799999999 8.361951 8.3619502 8.360512400000001 8.3593909 8.3593272 8.359492 8.3594864 8.359919999999999 8.359487 8.358741499999999 8.3585314 8.3597806 8.3597806 8.3640683 8.3640963 8.371606 8.383423700000002 8.434955699999998 8.4346164083627;47.08617838693552 47.086721600000004 47.089580700000006 47.0821823 47.0865217 47.0970965 47.096135 47.095070799999995 47.0943859 47.09439520000001 47.0943946 47.093648200000004 47.093017100000004 47.09362479999999 47.094648600000006 47.0946507 47.09387279999999 47.0946516 47.093340999999995 47.0928977 47.092875 47.092875 47.0954852 47.0954605 47.1003695 47.086572600000004 47.086155299999994 47.08617838693552
1;1;8.4346164083627 8.4346164083627;47.08617838693552 47.08617838693552
1;1;8.4346164083627 8.4346164083627;47.08617838693552 47.08617838693552
1;1;8.4346164083627 8.434568800000001 8.4346164083627;47.08617838693552 47.0861655 47.08617838693552
1;1;8.4346164083627 8.4387574 8.4024412 8.4007985 8.3998655 8.3990009 8.3972036 8.3950617 8.3925496 8.390815 8.3883973 8.4000403 8.3929623 8.3929623 8.3936947 8.393791499999999 8.3895515 8.3895515 8.388815199999998 8.3929618 8.3862591 8.3862591 8.3747249 8.3770151 8.388637699999999 8.388637699999999 8.412308099999999 8.4346164083627;47.08617838693552 47.087148799999994 47.088650200000004 47.0875516 47.085975899999994 47.084089 47.0827054 47.0812853 47.080167100000004 47.080037 47.0819318 47.088474600000005 47.1157692 47.1157692 47.1156685 47.1156814 47.115294399999996 47.115294399999996 47.115348600000004 47.115793599999996 47.111281299999995 47.111281299999995 47.1035823 47.105894299999996 47.114748600000006 47.114748600000006 47.0890592 47.08617838693552
1;5;8.4346164083627 8.4369166 8.435793499999999 8.4375097 8.439194 8.439880699999998 8.4409808 8.440800380026655;47.08617838693552 47.0834524 47.0839673 47.08309570000001 47.0820802 47.0817826 47.0810405 47.08086369635324
5;5;8.440800380026655 8.440800380026655;47.08086369635324 47.08086369635324
5;5;8.440800380026655 8.440930400000001 8.441091 8.440800380026655;47.08086369635324 47.08103 47.081146000000004 47.08086369635324
5;5;8.440800380026655 8.440800380026655;47.08086369635324 47.08086369635324
5;1;8.440800380026655 8.4402326 8.438166 8.436402699999999 8.4353504 8.4339062 8.4346164083627;47.08086369635324 47.0818028 47.0825732 47.0836581 47.0849157 47.085271399999996 47.08617838693552
1;1;8.4346164083627 8.4348091 8.4395565 8.477295699999999 8.4774934 8.4773427 8.4766251 8.4778694 8.4728321 8.4720554 8.4366761 8.436493800000001 8.4368506 8.4368506 8.434657099999999 8.4346164083627;47.08617838693552 47.0865217 47.1453219 47.186974600000006 47.1870065 47.1869796 47.186003 47.1873569 47.1881923 47.186193599999996 47.0859653 47.085993200000004 47.0859594 47.0859594 47.0861679 47.08617838693552
1;1;8.4346164083627 8.434568800000001 8.4398617 8.4363075 8.437809 8.4415504 8.4398617 8.457981599999998 8.4599037 8.464677499999999 8.4692011 8.4746379 8.479530699999998 8.4841921 8.4890249 8.4938732 8.499269900000002 8.504752900000002 8.5082186 8.510987199999999 8.51333 8.5169538 8.5219278 8.527149900000001 8.532116499999999 8.5369756 8.5421276 8.5444063 8.5495899 8.5551419 8.561199 8.565803599999999 8.572381300000002 8.576960099999999 8.583254400000001 8.589181 8.600230300000002 8.6050317 8.610756199999999 8.6160188 8.620241 8.622613000000001 8.6241894 8.627590300000001 8.6296528 8.6283157 8.6266067 8.626045 8.6248817 8.620473599999999 8.622687599999999 8.621395699999999 8.6182043 8.6200544 8.615032300000001 8.6118538 8.6120073 8.612466 8.611914800000001 8.611477800000001 8.6111606 8.6143662 8.6132905 8.6139395 8.6144073 8.615949699999998 8.6166662 8.619532300000001 8.620937300000001 8.6213842 8.6219042 8.6222334 8.621082199999998 8.6198687 8.6172588 8.616282199999999 8.614657800000002 8.6144479 8.613304 8.612533500000001 8.6138546 8.6228148 8.623668400000001 8.6283886 8.626972 8.626822599999999 8.6271227 8.6278395 8.6296014 8.631558199999999 8.6336284 8.635543400000001 8.637382800000001 8.6393515 8.6410269 8.642094 8.643143199999999 8.6440472 8.6459343 8.645780300000002 8.645624699999999 8.645409599999999 8.6450886 8.6450948 8.6452712 8.6452343 8.6459343 8.6437917 8.6268019 8.6270226 8.5934433 8.6259004 8.448830699999998 8.4346164083627;47.08617838693552 47.0861655 47.087067 47.0857592 47.0858091 47.0872643 47.087067 47.0981406 47.094321799999996 47.091187700000006 47.087906200000006 47.0854945 47.0828445 47.079798 47.0771439 47.074184 47.0717527 47.069447499999995 47.0661732 47.0623753 47.0587678 47.0553292 47.053664500000004 47.0519917 47.05079979999999 47.04993270000001 47.0481939 47.0449956 47.042763 47.044309999999996 47.0460786 47.04898060000001 47.0495205 47.0464355 47.0462179 47.0480206 47.044276700000005 47.0419521 47.0400686 47.038238899999996 47.0361326 47.0335348 47.0304893 47.0281415 47.0252839 47.0221424 47.0190792 47.0156894 47.0122383 47.0060345 47.000559499999994 46.9977364 46.9953357 46.9966997 46.9925344 46.9879247 46.9857031 46.983371999999996 46.9810031 46.9760316 46.97353029999999 46.9688497 46.9662446 46.9641994 46.9619418 46.958985 46.956670200000005 46.9554049 46.9534027 46.9516759 46.950201799999995 46.949099100000005 46.9468469 46.9424576 46.938745000000004 46.9372389 46.935801899999994 46.9335526 46.9302035 46.9282186 46.9248804 46.9202299 46.918051299999995 46.915593900000005 46.8953943 46.8946869 46.893221600000004 46.8916814 46.8897995 46.888332 46.886795500000005 46.885411299999994 46.883922399999996 46.8830867 46.8827086 46.882614700000005 46.8820222 46.881905200000006 46.881316399999996 46.8813534 46.8812759 46.8812168 46.8811209 46.88117929999999 46.88123289999999 46.8811128 46.881316399999996 46.881853899999996 46.895767299999996 46.8951042 46.8996075 47.031057000000004 47.093470700000005 47.08617838693552
1;1;8.4346164083627 8.4346164083627;47.08617838693552 47.08617838693552
1;5;8.4346164083627 8.4339062 8.4343525 8.4343102 8.434591900000001 8.4349103 8.4350453 8.4352311 8.4354183 8.435468199999999 8.4354239 8.4377651 8.4376563 8.4396022 8.4406923 8.4387574 8.440800380026655;47.08617838693552 47.085271399999996 47.0851396 47.084968700000005 47.0848396 47.0847276 47.0845589 47.084345299999995 47.0841458 47.083966600000004 47.0823186 47.0813766 47.081485799999996 47.080413799999995 47.0806657 47.087148799999994 47.08086369635324
5;1;8.440800380026655 8.4362965 8.4339062 8.4346164083627;47.08086369635324 47.083709899999995 47.085271399999996 47.08617838693552
1;1;8.4346164083627 8.4339062 8.436383900000001 8.4387574 8.4387574 8.4346164083627;47.08617838693552 47.085271399999996 47.0842914 47.087148799999994 47.087148799999994 47.08617838693552
1;2;8.4346164083627 8.4398617 8.4387574 8.438233199999999 8.4548758 8.446651 8.4387574 8.4975463 8.4990558 8.4986652 8.4986934 8.498514877548391;47.08617838693552 47.087067 47.087148799999994 47.086180299999995 47.1024426 47.1249603 47.087148799999994 47.4257194 47.4213058 47.42100670000001 47.420968 47.42089818119723
2;2;8.498514877548391 8.498514877548391;47.42089818119723 47.42089818119723
2;6;8.498514877548391 8.501120199999999 8.501540499999999 8.501648300000001 8.501819300000001 8.5020889 8.502146 8.502574800000001 8.5028422 8.5037972 8.505145599999999 8.5060489 8.5059916 8.5062942 8.5065894 8.506548 8.506521000000001 8.5067354 8.5070365 8.5071466 8.507327199999999 8.5075818 8.5078525 8.508092999999999 8.5082917 8.508375 8.5084634 8.5084698 8.508469 8.5084224 8.5084103 8.508531 8.508560000000001 8.508498300000001 8.5085055 8.508544500000001 8.508531300000001 8.5085233 8.5085257 8.5085347 8.5085555 8.507568800000001 8.5085069 8.5085169 8.5084664 8.508508599999999 8.508530499999999 8.508557000000001 8.5086624 8.5113351 8.5156808 8.522105499999999 8.529020800000001 8.5348869 8.5384904 8.5416437 8.545233999999999 8.543258 8.5432846 8.5435624 8.5453034 8.5471093 8.5486656 8.5500051 8.550215800000002 8.5491414 8.5478224 8.546115400000001 8.544520599999998 8.544610800000001 8.5449129 8.545113 8.5453755 8.5452757 8.544842800000001 8.544813699999999 8.5448215 8.5466676 8.5486804 8.5503887 8.5514426 8.5526506 8.553840199999998 8.554938 8.555909199999999 8.5576992 8.5596733 8.5620238 8.563994000000001 8.5628335 8.558469800000001 8.5638291 8.5638291 8.5624206 8.5623462 8.5607927 8.5626418 8.5616329 8.5616136 8.5615577 8.560996699999999 8.5607992 8.5610202 8.560789 8.5608541 8.560870300000001 8.5608544 8.5608044 8.561202900000001 8.559823699999999 8.559036599999999 8.5583415 8.5585737 8.557998 8.5574576 8.5417907 -8.6717911 -8.6722931 -8.672270900000001 -8.672097500000001 -8.671912800000001 -8.6719102 -8.6720875 -8.6721912 -8.6721996 -8.672332800000001 -8.672200300000002 -8.8724742 -8.9637899 -9.039116 -9.0546426 -9.068517300000002 -9.1990663 -9.1306734 -9.128964199999999 -9.128148199999998 -9.107400199999999 -9.107400199999999 -9.107400199999999 -9.1032513 -9.103597 -9.134924680946682;47.42089818119723 47.4209291 47.4208141 47.4208013 47.42072279999999 47.4206731 47.420669700000005 47.42059879999999 47.4205263 47.4200224 47.4195489 47.4192181 47.4192431 47.41913710000001 47.419373900000004 47.419648200000005 47.419977100000004 47.4201031 47.420345399999995 47.4205921 47.4208469 47.421011299999996 47.421062299999996 47.421070799999995 47.421029600000004 47.421000899999996 47.420980799999995 47.420981700000006 47.420980799999995 47.4210148 47.421046000000004 47.421045299999996 47.420989 47.42099520000001 47.4209812 47.4209836 47.4210177 47.4210084 47.4210082 47.4209969 47.4210031 47.4213484 47.4210223 47.4210219 47.4210388 47.4209843 47.4209074 47.4208868 47.42089179999999 47.4200564 47.4184276 47.416880600000006 47.4165656 47.4171427 47.418149299999996 47.418372399999996 47.418654700000005 47.4187018 47.4184971 47.418433799999995 47.418512400000004 47.418749600000005 47.4188109 47.4182723 47.4170559 47.415775599999996 47.414257899999996 47.4126139 47.4121291 47.412116999999995 47.412219 47.4121096 47.4122271 47.412401200000005 47.412507299999994 47.41247 47.412501299999995 47.4133188 47.415208500000006 47.4173334 47.4191315 47.4202156 47.4210093 47.4218743 47.4230499 47.42506160000001 47.42720070000001 47.4295651 47.432057799999995 47.4354375 47.4400447 47.434780700000005 47.434780700000005 47.4501872 47.4502207 47.4375252 47.4500276 47.4503602 47.451587700000005 47.4523184 47.452524200000006 47.45359570000001 47.4530406 47.4516702 47.4512392 47.4524801 47.45243789999999 47.4523564 47.45329470000001 47.4536059 47.453748100000006 47.4537154 47.453858700000005 47.4539482 47.4541751 47.457724 41.2359871 41.236568299999995 41.236284399999995 41.236209 41.236271200000004 41.2362811 41.2362301 41.2361701 41.2360299 41.235658799999996 41.2355317 39.274384600000005 39.1795011 39.1006254 39.084036499999996 39.066006099999996 38.8633536 38.769357299999996 38.7696123 38.7698912 38.7718414 38.7718414 38.7718414 38.7685972 38.7679213 38.72277027477947
6;6;-9.134924680946682 -9.133006800000002 -9.130915 -9.134719500000001 -9.129185699999999 -9.1295316 -9.129344300000001 -9.1292069 -9.1291564 -9.1290817 -9.129043600000001 -9.128912699999999 -9.1287916 -9.1287262 -9.128674199999999 -9.128481800000001 -9.128407000000001 -9.1361629 -9.138524199999999 -9.139216000000001 -9.1378324 -9.1371406 -9.1371406 -9.133336 -9.1354112 -9.1354112 -9.134719500000001 -9.134373599999998 -9.133681900000001 -9.134373599999998 -9.1354112 -9.133681900000001 -9.1367947 -9.1367947 -9.134373599999998 -9.1354112 -9.1371406 -9.134719500000001 -9.139907699999998 -9.134373599999998 -9.133681900000001 -9.134924680946682;38.72277027477947 38.7225205 38.724888799999995 38.725564299999995 38.7214533 38.7191535 38.716499600000006 38.7162988 38.716139899999995 38.7159282 38.71576829999999 38.7155666 38.715386200000005 38.7153496 38.7150688 38.714933 38.714940399999996 38.7106146 38.7135777 38.7135234 38.715255400000004 38.7166085 38.7166085 38.715933 38.718692299999994 38.718692299999994 38.725564299999995 38.723643599999996 38.7230485 38.723643599999996 38.7212896 38.7230485 38.7231289 38.7231289 38.723643599999996 38.718692299999994 38.719855200000005 38.7180972 38.7219105 38.723643599999996 38.7230485 38.72277027477947
6;6;-9.134924680946682 -9.134875099999999 -9.134924680946682;38.72277027477947 38.7227924 38.72277027477947
6;7;-9.134924680946682 -9.1353806 -9.1354625 -9.1354625 -9.136103 -9.136103 -9.1367947 -9.1367947 -9.1378324 -9.137486500000001 -9.138524199999999 -9.1354112 -9.140119699999998 -9.1440586 -9.1440586 -9.1440586 -9.1419831 -9.1409454 -9.140326199999999 -9.1444045 -9.1419831 -9.1388701 -9.1409454 -9.1407534 -9.1388701 -9.1409454 -9.1388701 -9.1409454 -9.1388701 -9.1409454 -9.1409454 -9.1409454 -9.1388701 -9.140617800000001 -9.140617800000001 -9.1406532 -9.1409454 -9.1409454 -9.1388701 -9.1409454 -9.141637199999998 -9.141637199999998 -9.1412913 -9.1450963 -9.140599499999999 -9.14404196313983;38.72277027477947 38.7221642 38.7216713 38.7216713 38.718638 38.718638 38.715661600000004 38.715661600000004 38.715255400000004 38.7100874 38.7122789 38.718692299999994 38.7187354 38.717039299999996 38.717039299999996 38.717039299999996 38.715903600000004 38.712413500000004 38.7181309 38.7186355 38.715903600000004 38.7122517 38.712413500000004 38.7119432 38.7122517 38.712413500000004 38.7122517 38.712413500000004 38.7122517 38.712413500000004 38.712413500000004 38.712413500000004 38.7122517 38.7117983 38.7117983 38.7118547 38.712413500000004 38.712413500000004 38.7122517 38.712413500000004 38.7094368 38.7094368 38.7071909 38.7065674 38.7072453 38.70698551103604
7;6;-9.14404196313983 -9.1454422 -9.1979675 -9.1980619 -9.1983063 -9.1985653 -9.198694099999999 -9.1987832 -9.1988 -9.198755300000002 -9.2020691 -9.1835952 -9.179837800000001 -9.1768725 -9.1751627 -9.1741396 -9.173718899999999 -9.146313000000001 -9.145908 -9.145843699999999 -9.1458024 -9.145741099999999 -9.145503199999999 -9.145219099999998 -9.1450377 -9.1454422 -9.1437127 -9.1412913 -9.140599499999999 -9.139907699999998 -9.137486500000001 -9.1364489 -9.1339944 -9.1350654 -9.131952499999999 -9.1298774 -9.1295316 -9.1295316 -9.131606699999999 -9.1304201 -9.1304201 -9.1304201 -9.131606699999999 -9.133336 -9.133336 -9.133681900000001 -9.134373599999998 -9.1367947 -9.1367947 -9.1354112 -9.134924680946682;38.70698551103604 38.7065402 38.696222799999994 38.6961047 38.696107399999995 38.696045399999996 38.6960219 38.696016799999995 38.6957846 38.695594 38.6968854 38.69811729999999 38.6994754 38.700971200000005 38.70183529999999 38.7022995 38.7025885 38.7073628 38.7073074 38.7073364 38.7072706 38.707255100000005 38.7074797 38.7074201 38.7073896 38.7068649 38.7066761 38.7071909 38.7072453 38.70827379999999 38.7091133 38.7101688 38.7091354 38.710926799999996 38.7105216 38.711983200000006 38.714608 38.7139586 38.71444520000001 38.7127239 38.7127239 38.7127239 38.71444520000001 38.715933 38.715933 38.7162305 38.71650089999999 38.715661600000004 38.719882299999995 38.721614200000005 38.72277027477947
6;6;-9.134924680946682 -9.134924680946682;38.72277027477947 38.72277027477947
6;6;-9.134924680946682 -9.134924680946682;38.72277027477947 38.72277027477947
6;6;-9.134924680946682 -9.134924680946682;38.72277027477947 38.72277027477947
6;8;-9.134924680946682 -9.387177699999999 -9.3960786 -9.3962407 -9.3963906 -9.3965478 -9.3966779 -9.3967015 -9.3967516 -9.3968773 -9.3969385 -9.397155900000001 -9.3967545 -9.395659 -9.3972268 -9.3973323 -9.3953805 -9.3964757 -9.387949699999998 -9.3941951 -9.387949699999998 -9.3941951 -9.387949699999998 -9.3900314 -9.397317999999999 -9.3941951 -9.4223056 -9.4223056 -9.3692162 -9.397317999999999 -9.4223056 -9.3924728 -9.3911537 -9.390391900000001 -9.3902918 -9.4223056 -9.394956800000001 -9.4223056 -9.397317999999999 -9.4223056 -9.3785824 -9.3810108 -9.3810108 -9.3785824 -9.3785824 -9.3837863 -9.3785824 -9.387949699999998 -9.3859239 -9.3860587 -9.3862577 -9.3863757 -9.3865654 -9.3868308 -9.3870426 -9.3872459 -9.3874859 -9.3876856 -9.387851600000001 -9.387969400000001 -9.388052199999999 -9.3881336 -9.3882991 -9.3882661 -9.3882314 -9.387949699999998 -9.387949699999998 -9.3837863 -9.387949699999998 -9.3862149 -9.408769699999999 -9.3869088 -9.385520300000001 -9.3857006 -9.3785824 -9.354301800000002 -9.3857006 -9.3310686 -9.2222122 -9.1412913 -9.1412913 -9.139561800000001 -9.142329 -9.142329 -9.1409454 -9.1419831 -9.14389824;38.72277027477947 38.7965789 38.7950676 38.795116799999995 38.795084700000004 38.7951998 38.7952621 38.7951435 38.7950425 38.7949778 38.7948908 38.794917100000006 38.7947963 38.7941004 38.7944805 38.7945383 38.7953956 38.7961723 38.7975301 38.7947567 38.7975301 38.7947567 38.7975301 38.8138904 38.8029314 38.7947567 38.843675 38.843675 38.806171500000005 38.8029314 38.843675 38.785461100000006 38.7860308 38.7873747 38.78756920000001 38.843675 38.7856659 38.843675 38.8029314 38.843675 38.8012031 38.791931299999995 38.791931299999995 38.8012031 38.8012031 38.800783200000005 38.8012031 38.7975301 38.7966867 38.79677 38.7968213 38.7968775 38.7969864 38.7970654 38.7971592 38.7972036 38.7972495 38.7973146 38.7974036 38.7975656 38.7977235 38.797859 38.7981968 38.7983535 38.7985496 38.7975301 38.7975301 38.7994868 38.7975301 38.799614899999995 38.7994125 38.7982624 38.7997714 38.7992924 38.8012031 38.7999176 38.7992924 38.793031799999994 38.7509948 38.7159579 38.7159579 38.7095998 38.7106813 38.7103566 38.71079 38.7107085 38.71089283880952
8;8;-9.14389824 -9.1409454 -9.14389824;38.71089283880952 38.71079 38.71089283880952
8;7;-9.14389824 -9.141637199999998 -9.1412913 -9.1450963 -9.1412913 -9.14404196313983;38.71089283880952 38.7094368 38.7071909 38.7065674 38.7075157 38.70698551103604
7;7;-9.14404196313983 -9.1437127 -9.1444045 -9.1440586 -9.14404196313983;38.70698551103604 38.7066761 38.7066217 38.706973600000005 38.70698551103604
7;7;-9.14404196313983 -9.1450963 -9.14404196313983;38.70698551103604 38.706892100000005 38.70698551103604
7;7;-9.14404196313983 -9.14404196313983;38.70698551103604 38.70698551103604
7;7;-9.14404196313983 -9.14404196313983;38.70698551103604 38.70698551103604
7;7;-9.14404196313983 -9.1444045 -9.14404196313983;38.70698551103604 38.7066217 38.70698551103604
7;6;-9.14404196313983 -9.1427245 -9.141150099999999 -9.141150099999999 -9.1440586 -9.1440586 -9.137486500000001 -9.1388701 -9.139216000000001 -9.1367947 -9.1378324 -9.1367947 -9.1367947 -9.136103 -9.1371406 -9.133681900000001 -9.134924680946682;38.70698551103604 38.7072652 38.7077284 38.7077284 38.7108702 38.7108702 38.7100874 38.7132258 38.7131987 38.715661600000004 38.715255400000004 38.717934299999996 38.718908299999995 38.719612 38.7166085 38.7230485 38.72277027477947
6;6;-9.134924680946682 -9.1353306 -9.134719500000001 -9.1352828 -9.139907699999998 -9.139216000000001 -9.139216000000001 -9.1492474 -9.1440586 -9.1444045 -9.1450963 -9.1440586 -9.1461341 -9.1457882 -9.147517800000001 -9.147517800000001 -9.1492474 -9.1751968 -9.424879800000001 -9.4920301 -9.492494500000001 -9.4922448 -9.492271699999998 -9.4922712 -9.4914755 -9.4685015 -9.4667723 -9.465015199999998 -9.4644286 -9.462063 -9.460488900000001 -9.459525300000001 -9.4580114 -9.4391465 -9.439258500000001 -9.4388988 -9.437674699999999 -9.4363825 -9.4346755 -9.434248599999998 -9.405063400000001 -9.403064 -9.400621000000001 -9.398523800000001 -9.397941099999999 -9.1457882 -9.139216000000001 -9.139561800000001 -9.139216000000001 -9.1354112 -9.1354112 -9.1354112 -9.134373599999998 -9.133681900000001 -9.134924680946682;38.72277027477947 38.7219507 38.7223178 38.723081 38.7157419 38.7106011 38.7106011 38.707215399999995 38.7066489 38.70727120000001 38.7065674 38.7066489 38.7071353 38.706837799999995 38.7063771 38.7063771 38.7062412 38.7022505 38.7010174 38.789527899999996 38.7902885 38.7917349 38.7899703 38.7899729 38.788258500000005 38.762238 38.7612696 38.7609339 38.758726700000004 38.7577799 38.757557 38.758883700000005 38.755612299999996 38.7155425 38.7155516 38.7148269 38.7125073 38.710714200000005 38.7087769 38.7082916 38.703834 38.7037216 38.703483 38.70337120000001 38.703146000000004 38.706513 38.7106011 38.7095998 38.7154715 38.72551 38.72551 38.7212896 38.723643599999996 38.7230485 38.72277027477947
6;6;-9.134924680946682 -9.1354112 -9.1354112 -9.1354112 -9.1350654 -9.1350654 -9.134924680946682;38.72277027477947 38.721614200000005 38.721614200000005 38.721614200000005 38.7222907 38.7222907 38.72277027477947
6;8;-9.134924680946682 -9.1381563 -9.1382629 -9.1403633 -9.138524199999999 -9.1388111 -9.138969699999999 -9.1388496 -9.139097999999999 -9.1397012 -9.140560800000001 -9.140622500000001 -9.1409931 -9.1413385 -9.141216900000002 -9.1413257 -9.143184 -9.1431382 -9.143413800000001 -9.1436595 -9.1436554 -9.143624699999998 -9.143232699999999 -9.1433772 -9.143050500000001 -9.1433449 -9.1437287 -9.144707499999999 -9.14389824;38.72277027477947 38.7140001 38.713969399999996 38.7105546 38.7106554 38.7106689 38.7106142 38.7106195 38.7097208 38.7087419 38.7081821 38.7080953 38.708102600000004 38.7080837 38.7077906 38.707542 38.707240999999996 38.7073547 38.7074672 38.7078101 38.7078897 38.7087279 38.709521 38.7096178 38.7107044 38.711338899999994 38.711036 38.71097 38.71089283880952
8;8;-9.14389824 -9.1432593 -9.143246699999999 -9.1440586 -9.1430209 -9.14389824;38.71089283880952 38.7107297 38.7106706 38.7108702 38.7103023 38.71089283880952
8;8;-9.14389824 -9.1450963 -9.1437127 -9.1450963 -9.1450963 -9.14389824;38.71089283880952 38.7114381 38.7105727 38.7114381 38.7114381 38.71089283880952
8;8;-9.14389824 -9.1450963 -9.14389824;38.71089283880952 38.7114381 38.71089283880952
8;8;-9.14389824 -9.1450963 -9.1437127 -9.1450963 -9.14389824;38.71089283880952 38.7114381 38.7105727 38.7114381 38.71089283880952
8;7;-9.14389824 -9.1471719 -9.1433668 -9.1444045 -9.1449975 -9.14404196313983;38.71089283880952 38.7145219 38.7128727 38.7137653 38.71317929999999 38.70698551103604
7;7;-9.14404196313983 -9.14404196313983;38.70698551103604 38.70698551103604
7;7;-9.14404196313983 -9.1444045 -9.1440586 -9.1440586 -9.1440586 -9.1433668 -9.1444045 -9.1440586 -9.14404196313983;38.70698551103604 38.7069464 38.706973600000005 38.706973600000005 38.706973600000005 38.707028 38.7066217 38.706973600000005 38.70698551103604
7;7;-9.14404196313983 -9.1437127 -9.1444045 -9.1444045 -9.1437127 -9.1440586 -9.14404196313983;38.70698551103604 38.7066761 38.7069464 38.70727120000001 38.7066761 38.706973600000005 38.70698551103604
7;6;-9.14404196313983 -9.1437127 -9.1433668 -9.1440586 -9.1437127 -9.1461341 -9.1461341 -9.153398800000002 -9.1492474 -9.1527069 -9.157204400000001 -9.154436599999999 -9.1575503 -9.157204400000001 -9.153744699999999 -9.157204400000001 -9.1540907 -9.149939300000002 -9.1492474 -9.1495934 -9.1461341 -9.1444045 -9.1437127 -9.1440586 -9.140599499999999 -9.139561800000001 -9.139561800000001 -9.1371406 -9.1354112 -9.1367947 -9.1367947 -9.136103 -9.1367947 -9.1354112 -9.1354112 -9.134373599999998 -9.1348056 -9.134924680946682;38.70698551103604 38.7066761 38.7073527 38.706973600000005 38.7066761 38.7071353 38.7071353 38.707863200000006 38.7062412 38.708566999999995 38.7056156 38.706807399999995 38.705588399999996 38.7056156 38.706537100000006 38.7056156 38.7068346 38.706511600000006 38.7062412 38.7065387 38.7071353 38.7069464 38.7066761 38.7066489 38.7072453 38.707651500000004 38.7086256 38.710764000000005 38.710575 38.715661600000004 38.715661600000004 38.718638 38.719882299999995 38.721614200000005 38.721614200000005 38.723643599999996 38.7227752 38.72277027477947
6;6;-9.134924680946682 -9.1354112 -9.103597 -9.0953538 -9.095123800000001 -9.0950743 -9.0951192 -9.102559800000002 -9.103597 -9.103597 -9.1032513 -9.103597 -9.1354112 -9.1371406 -9.1354112 -9.1367947 -9.1354112 -9.133681900000001 -9.134799099999999 -9.134924680946682;38.72277027477947 38.72551 38.7679213 38.7655623 38.765692 38.7657146 38.7658895 38.768651299999995 38.7679213 38.7679213 38.7685972 38.7679213 38.72551 38.7166085 38.721614200000005 38.7231289 38.721614200000005 38.7230485 38.7228057 38.72277027477947
6;6;-9.134924680946682 -9.134924680946682;38.72277027477947 38.72277027477947
6;2;-9.134924680946682 -9.134793 -9.1348487 -9.1350621 -9.135078199999999 -9.134974900000001 -9.1350209 -9.1349868 -9.134913000000001 -9.134934900000001 -9.134869 -9.134841900000001 -9.1348355 -9.134934800000002 -9.135012800000002 -9.1350912 -9.1349887 -9.1349781 -9.133336 -9.134027699999999 -9.1364489 -9.133336 -9.134027699999999 -9.134027699999999 -9.134719500000001 -9.133336 -9.134027699999999 -9.133336 -9.136103 -9.133336 -9.136103 -9.1364489 -9.136103 -9.1354112 -9.1367947 -9.134373599999998 -9.1354112 -9.1354112 -9.1357571 -9.1326443 -9.103597 -9.103597 -9.107400199999999 -9.1170819 -9.1260731 -9.1278023 -9.128839900000001 -9.1298774 -9.1278023 -9.1447504 -9.139561800000001 -9.1447504 -9.130716099999999 -9.1309953 -9.130325599999999 -9.1302787 -9.129942 -9.1298582 -9.130355400000001 -9.128839900000001 -9.139907699999998 8.5426359 8.5585635 8.5594775 8.5607855 8.5607855 8.561421300000001 8.561427199999999 8.561383 8.5615296 8.562626199999999 8.5623572 8.562514 8.5624239 8.562422300000001 8.5624181 8.562417300000002 8.5624181 8.5624181 8.5570798 8.5604837 8.5604837 8.5604837 8.5604837 8.560143 8.560143 8.5565347 8.5538556 8.551247300000002 8.5489709 8.547537400000001 8.5464177 8.5449387 8.5442219 8.544341900000001 8.5442704 8.544145 8.5436261 8.5435375 8.5436756 8.5439304 8.5444605 8.5446349 8.5446008 8.5446069 8.5446127 8.5446585 8.5447056 8.544719500000001 8.544743800000001 8.544894699999999 8.543428800000001 8.541904400000002 8.540073800000002 8.539129199999998 8.538281300000001 8.537916300000001 8.535793400000001 8.5336474 8.532438699999998 8.531981 8.5319317 8.5304558 8.5283189 8.5265262 8.5245228 8.5242176 8.5241417 8.5222775 8.5200858 8.5193925 8.519299499999999 8.5193497 8.518483999999999 8.5157511 8.513319099999999 8.5126452 8.512180800000001 8.5100583 8.508420800000001 8.5068479 8.506618699999999 8.5066531 8.506784699999999 8.5068 8.506474699999998 8.5062915 8.5062202 8.505668400000001 8.5053837 8.5051016 8.5045162 8.5042714 8.5040154 8.5035145 8.503236099999999 8.502996699999999 8.5027183 8.5024228 8.5019122 8.501642 8.5013465 8.5011017 8.5005168 8.5002662 8.499997 8.499709800000002 8.4994388 8.499239300000001 8.499071 8.4990404 8.4990247 8.4990592 8.4989979 8.4988946 8.4988214 8.4986875 8.498611300000002 8.498461599999999 8.498514877548391;38.72277027477947 38.7226985 38.7226116 38.7224273 38.7223576 38.7223205 38.7220869 38.721875299999994 38.7216659 38.7214417 38.721252500000006 38.7211056 38.7209144 38.7207615 38.7198422 38.7187925 38.71836679999999 38.7171625 38.715933 38.7168528 38.7156887 38.715933 38.716528100000005 38.716528100000005 38.716473799999996 38.715933 38.716528100000005 38.715933 38.718638 38.715933 38.718638 38.7156887 38.718638 38.7212896 38.7231289 38.723643599999996 38.721614200000005 38.72551 38.727106 38.7338425 38.7679213 38.7679213 38.7718414 38.77108320000001 38.7616185 38.7686206 38.7695125 38.7704044 38.7686206 38.76988529999999 38.7706173 38.76988529999999 38.77209860000001 38.771374 38.7696785 38.7684436 38.7676174 38.767233000000004 38.767911299999994 38.7656193 38.7842139 47.4567349 47.451491299999994 47.45105170000001 47.45096029999999 47.45096029999999 47.4509354 47.450954100000004 47.45087720000001 47.4504736 47.450255 47.4503349 47.450464000000004 47.4501415 47.450117 47.4501734 47.4501867 47.4501789 47.4501789 47.4275744 47.4337975 47.4337975 47.4337975 47.4337975 47.428887100000004 47.428887100000004 47.4232851 47.4203924 47.4179015 47.4154825 47.413657799999996 47.412708 47.4120896 47.411911100000005 47.4118482 47.411787700000005 47.411663 47.4114338 47.4113929 47.4113435 47.4112244 47.411389299999996 47.4114871 47.41150820000001 47.411505700000006 47.4114974 47.4115047 47.411497499999996 47.4114791 47.4114511 47.4114788 47.41097979999999 47.41035479999999 47.409215100000004 47.4092073 47.4093958 47.409524499999996 47.4099737 47.4103674 47.4105624 47.4106652 47.410664399999995 47.4108873 47.4113184 47.411685399999996 47.412153499999995 47.412203600000005 47.4122665 47.413031200000006 47.4139024 47.41417 47.414101099999996 47.4141689 47.4143408 47.4150013 47.4156378 47.4159469 47.416108 47.4171981 47.418373200000005 47.419064299999995 47.4194245 47.419436600000004 47.419396899999995 47.4192382 47.419263 47.419031200000006 47.419080799999996 47.4192881 47.41946 47.419565500000004 47.4196743 47.4197523 47.4198941 47.4201581 47.42028320000001 47.4203976 47.42050379999999 47.420543200000004 47.4207575 47.4208246 47.4209183 47.4209772 47.4210885 47.4211494 47.4213264 47.4214024 47.4215125 47.4215915 47.4213881 47.421265600000005 47.421312 47.421339 47.4212723 47.4212591 47.4212578 47.421074700000005 47.420976700000004 47.42087720000001 47.42089818119723
2;2;8.498514877548391 8.4996397 8.496951800000001 8.4344845 8.4173953 8.5267844 8.621567500000001 8.636173 8.6635849 8.6633603 8.666574800000001 8.6676556 8.668263699999999 8.6682771 8.6682867 8.6691101 8.6682885 8.6679713 8.667439199999999 8.666755300000002 8.6593725 8.6448079 8.6236095 8.553710699999998 8.5449784 8.5267844 8.4621096 8.4162049 8.423130300000002 8.4909337 8.5016064 8.498514877548391;47.42089818119723 47.4215094 47.4243643 47.4132597 47.3877036 47.3333796 47.2361911 47.229357 47.2271453 47.2268072 47.2225918 47.2231344 47.22339829999999 47.2233929 47.223387 47.2257557 47.2233865 47.2235219 47.222797799999995 47.222851299999995 47.230852299999995 47.2319029 47.2270535 47.2924443 47.3043153 47.3333796 47.343351399999996 47.3862506 47.407007 47.4278867 47.4207121 47.42089818119723
2;1;8.498514877548391 8.5007038 8.4911355 8.439598199999999 8.4210714 8.430168 8.4290748 8.4290748 8.437860699999998 8.460502900000002 8.4525287 8.446443499999999 8.4331701 8.4387574 8.4346164083627;47.42089818119723 47.421082399999996 47.4260211 47.415265999999995 47.3732588 47.3541058 47.2880149 47.2880149 47.2692218 47.2297402 47.110645399999996 47.0914822 47.084804600000005 47.087148799999994 47.08617838693552
1;1;8.4346164083627 8.4346723 8.433991800000001 8.4343366 8.434324400000001 8.4347011 8.4350525 8.4352459 8.435470500000001 8.435702800000001 8.435915099999999 8.436151800000001 8.4364771 8.4368443 8.4370295 8.4371981 8.4375218 8.437726 8.4380909 8.4384064 8.4386166 8.4388917 8.440026300000001 8.4405413 8.4422712 8.4400517 8.4400275 8.439691900000001 8.439832899999999 8.4394921 8.437749400000001 8.4352859 8.435478699999999 8.435478699999999 8.433991800000001 8.4350995 8.4346164083627;47.08617838693552 47.0861973 47.0852184 47.0850855 47.084876 47.0847999 47.0847137 47.0845321 47.084303999999996 47.0841421 47.0838971 47.0837042 47.083589200000006 47.0835304 47.083272799999996 47.0830446 47.0829021 47.0827679 47.08269129999999 47.0825573 47.0824325 47.0822984 47.081386 47.0798482 47.0850505 47.0799287 47.0798869 47.0803722 47.080409 47.0804689 47.0814794 47.0822614 47.0838301 47.0838301 47.0852184 47.08496829999999 47.08617838693552
1;5;8.4346164083627 8.4387574 8.434408900000001 8.435393199999998 8.434857699999998 8.433838900000001 8.435711999999999 8.4381258 8.439198199999998 8.4393327 8.440800380026655;47.08617838693552 47.087148799999994 47.0860162 47.0862251 47.086001200000005 47.0854061 47.0840419 47.082570000000004 47.0821121 47.0820509 47.08086369635324
5;1;8.440800380026655 8.4423233 8.4439618 8.4450225 8.4464911 8.442074 8.447548800000002 8.4410673 8.4339924 8.4567748 8.4339924 8.4529516 8.4529516 8.433388699999998 8.4661446 8.4682405 8.4621286 8.4596621 8.461930699999998 8.460935899999999 8.4592623 8.4593109 8.4591269 8.4590071 8.4588994 8.4587836 8.458580300000001 8.4582821 8.4579694 8.4576772 8.4574151 8.4571502 8.4568776 8.4560755 8.453996499999999 8.4530172 8.4530172 8.440051400000002 8.4509586 8.4495797 8.4471595 8.4442685 8.4437872 8.4416269 8.4403937 8.4388964 8.4373099 8.4356496 8.4346164083627;47.08086369635324 47.0802605 47.0803239 47.0796611 47.078449600000006 47.0765725 47.0766625 47.0759493 47.083668599999996 47.0882654 47.083668599999996 47.1044839 47.1044839 47.0615102 47.0697427 47.0715062 47.0978249 47.079457500000004 47.0908747 47.0964667 47.0913234 47.0904766 47.090564799999996 47.0907334 47.090869299999994 47.0910519 47.091199100000004 47.091314000000004 47.091410499999995 47.0914924 47.0915597 47.0916193 47.09167120000001 47.092448499999996 47.092791600000005 47.0937269 47.0937269 47.0864403 47.0903495 47.0892951 47.089754799999994 47.087501700000004 47.0867928 47.087352200000005 47.0865189 47.0869253 47.087174100000006 47.08610720000001 47.08617838693552
1;1;8.4346164083627 8.4346579 8.4346164083627;47.08617838693552 47.086182 47.08617838693552
1;5;8.4346164083627 8.4439133 8.436242300000002 8.4383065 8.4402258 8.440647 8.440800380026655;47.08617838693552 47.0787338 47.083762 47.0825283 47.0812378 47.0807367 47.08086369635324
5;5;8.440800380026655 8.443197099999999 8.440800380026655;47.08086369635324 47.084369200000005 47.08086369635324
5;5;8.440800380026655 8.4422712 8.440800380026655;47.08086369635324 47.0850505 47.08086369635324
5;5;8.440800380026655 8.4422712 8.440800380026655;47.08086369635324 47.0850505 47.08086369635324
5;5;8.440800380026655 8.443197099999999 8.4382758 8.437109399999999 8.436276600000001 8.436979 8.440800380026655;47.08086369635324 47.084369200000005 47.0824635 47.0839 47.084288799999996 47.0837096 47.08086369635324
5;1;8.440800380026655 8.440208300000002 8.438408500000001 8.436393800000001 8.4353234 8.4350995 8.4346164083627;47.08086369635324 47.0812501 47.0825159 47.0836662 47.084863899999995 47.08496829999999 47.08617838693552
1;1;8.4346164083627 8.4346164083627;47.08617838693552 47.08617838693552
1;1;8.4346164083627 8.4346164083627;47.08617838693552 47.08617838693552
1;1;8.4346164083627 8.4346164083627;47.08617838693552 47.08617838693552
1;1;8.4346164083627 8.4330831 8.4328578 8.432922099999999 8.4329459 8.4328768 8.4328332 8.4319411 8.4298628 8.4271293 8.424316699999999 8.420671 8.417114300000001 8.4133364 8.4098509 8.4091276 8.409166800000001 8.4090866 8.407745 8.4047439 8.401917800000001 8.3994296 8.3964299 8.3936095 8.390530900000002 8.386455400000001 8.3830727 8.383100099999998 8.382947900000001 8.3811212 8.3784697 8.3757149 8.374343 8.37428 8.373488799999999 8.3707868 8.3673688 8.363609299999998 8.353112 8.3508552 8.3478049 8.3435489 8.3418286 8.3389212 8.3367215 8.308286500000001 8.3110326 8.310520299999999 8.3100202 8.3100253 8.309084299999999 8.3089668 8.307564900000001 8.305998599999999 8.304244500000001 8.3030269 8.3038594 8.3050678 8.3064761 8.307936900000001 8.3096294 8.3103573 8.3105077 8.3105192 8.310399900000002 8.3104363 8.3119729 8.3130033 8.3125546 8.3125988 8.3130095 8.3130276 8.3112121 8.3090679 8.3081574 8.306568400000002 8.3066812 8.307243 8.3070664 8.3063408 8.307878200000001 8.3073385 8.3073398 8.307830000000001 8.3080692 8.3082092 8.3089211 8.3101643 8.310725 8.3104932 8.3100863 8.310727400000001 8.310729499999999 8.3106985 8.310849900000001 8.3108711 8.3108454 8.311125 8.3111537 8.3110552 8.3109405 8.310922900000001 8.3108808 8.3109432 8.311249 8.3107224 8.3101353 8.308973700000001 8.3069496 8.3040204 8.2988212 8.2986572 8.296768400000001 8.2969548 8.301202 8.3072785 8.3033452 8.3259828 8.330228 8.3332189 8.3355005 8.337152 8.337537 8.337465700000001 8.3374544 8.337589 8.3394973 8.342304200000001 8.3444988 8.346925 8.3513331 8.3540439 8.3577841 8.3589374 8.3692978 8.371922 8.3738551 8.3745588 8.3745041 8.3746164 8.3749044 8.3763832 8.3785155 8.3804282 8.382133999999999 8.383373599999999 8.3835261 8.3835021 8.383493099999999 8.383535400000001 8.3835589 8.3835938 8.3836271 8.3872902 8.3903858 8.393578999999999 8.3960555 8.3990326 8.4010944 8.4036194 8.405681699999999 8.407643400000001 8.409311500000001 8.4095171 8.409537199999999 8.409844300000001 8.410324800000001 8.410324800000001 8.410324800000001 8.410324800000001 8.410324800000001 8.410324800000001 8.4329489 8.4329489 8.4329489 8.4329489 8.4324687 8.4328925 8.4328925 8.4331031 8.4331965 8.433150999999999 8.433150999999999 8.4364946 8.4352007 8.433559599999999 8.433405300000002 8.433784 8.4335225 8.4335225 8.433058 8.4335065 8.4338233 8.4337496 8.4339016 8.4342018 8.4339771 8.4342752 8.4344278 8.4346164083627;47.08617838693552 47.0834271 47.0831716 47.0831846 47.083287899999995 47.083326899999996 47.083285499999995 47.081954100000004 47.0790096 47.0764106 47.0742494 47.072316 47.0705294 47.0686732 47.067824 47.06760739999999 47.0676495 47.067630799999996 47.0673533 47.065267600000006 47.0628422 47.0601591 47.057773299999994 47.05528220000001 47.0531474 47.051744299999996 47.0500129 47.050013299999996 47.049948799999996 47.048925 47.0473465 47.0459319 47.04507720000001 47.045225099999996 47.0447361 47.0429995 47.0406981 47.039604499999996 47.040482399999995 47.043011299999996 47.0453439 47.047987 47.052623499999996 47.0537141 47.0540756 47.0471173 47.0479099 47.0501461 47.050053000000005 47.0502685 47.05064960000001 47.05025379999999 47.049476 47.0504351 47.051151000000004 47.0507109 47.0515776 47.0523678 47.0532694 47.0540394 47.0549574 47.056101700000006 47.056850700000005 47.0579615 47.0577696 47.0566565 47.0555374 47.054761799999994 47.0543954 47.0545217 47.054315100000004 47.054292100000005 47.0542206 47.053489299999995 47.0528498 47.0524326 47.0530162 47.052964 47.0522248 47.0507525 47.051538799999996 47.0502294 47.0502181 47.049546 47.0497822 47.0501641 47.049933200000005 47.050075799999995 47.04915 47.0491395 47.0490004 47.0494051 47.0493643 47.0493809 47.04945120000001 47.04950770000001 47.0494908 47.049336100000005 47.0493354 47.0494524 47.049535799999994 47.0495326 47.0495328 47.049447 47.0480365 47.046248600000006 47.0448867 47.0437638 47.043075099999996 47.0430049 47.04516160000001 47.049004700000005 47.050649299999996 47.0535979 47.055494200000005 47.055901299999995 47.0554088 47.0557711 47.0550937 47.05478179999999 47.0544481 47.053957200000006 47.0538588 47.05399620000001 47.0541076 47.0541407 47.0538795 47.0526735 47.048727299999996 47.044166600000004 47.0423515 47.0398217 47.0384882 47.038813299999994 47.0420929 47.0438343 47.0449167 47.0452895 47.045201899999995 47.045338 47.0454508 47.046261 47.047555100000004 47.048567 47.0494444 47.0502874 47.0502974 47.0502396 47.0502721 47.0503312 47.050306299999995 47.050323999999996 47.050271200000005 47.052068 47.0531951 47.0550299 47.0577354 47.059659 47.062268599999996 47.0643492 47.066064700000005 47.0673501 47.067658200000004 47.0677176 47.067722499999995 47.06767670000001 47.0677917 47.0677917 47.0677917 47.0677917 47.0677917 47.0677917 47.0790004 47.0790004 47.0790004 47.0790004 47.08118029999999 47.08330479999999 47.08330479999999 47.083405299999995 47.0835205 47.0833334 47.0833334 47.0857933 47.0831569 47.084318100000004 47.084328 47.0842778 47.08430429999999 47.08430429999999 47.0844941 47.084885799999995 47.0854213 47.0855652 47.085691600000004 47.0857769 47.0858719 47.0860306 47.0861501 47.08617838693552
1;1;8.4346164083627 8.434254300000001 8.434116 8.433990099999999 8.4341659 8.434362400000001 8.434377699999999 8.4347399 8.4350346 8.4350837 8.4349728 8.437804199999999 8.4392975 8.4391209 8.438954800000001 8.4377615 8.434776600000001 8.434776600000001 8.4350995 8.440051400000002 8.434553999999999 8.4346164083627;47.08617838693552 47.0858536 47.0856868 47.0854911 47.085309 47.0851213 47.0848912 47.0848262 47.0846727 47.0846067 47.0823625 47.0814515 47.0814864 47.0810264 47.0810709 47.081565999999995 47.0823494 47.0823494 47.08496829999999 47.0864403 47.086170200000005 47.08617838693552
1;1;8.4346164083627 8.4346388 8.4346164083627;47.08617838693552 47.0861454 47.08617838693552
1;5;8.4346164083627 8.434773 8.436372800000001 8.4383554 8.440800380026655;47.08617838693552 47.0845695 47.083701299999994 47.0824391 47.08086369635324
5;5;8.440800380026655 8.4422712 8.4381121 8.4422712 8.4422712 8.440800380026655;47.08086369635324 47.0850505 47.0773933 47.0850505 47.0850505 47.08086369635324
5;5;8.440800380026655 8.4422712 8.4426617 8.4422712 8.440800380026655;47.08086369635324 47.0850505 47.082570700000005 47.0850505 47.08086369635324
5;5;8.440800380026655 8.4422712 8.4422712 8.4406929 8.4403599 8.4426617 8.440800380026655;47.08086369635324 47.0850505 47.0850505 47.080735700000005 47.0808092 47.082570700000005 47.08086369635324
5;1;8.440800380026655 8.4394567 8.4374944 8.4355485 8.4355485 8.4346723 8.4346164083627;47.08086369635324 47.081964899999996 47.082915299999996 47.084466600000006 47.084466600000006 47.0861973 47.08617838693552
1;5;8.4346164083627 8.434548300000001 8.4344716 8.4354382 8.4368996 8.4383923 8.4401555 8.440800380026655;47.08617838693552 47.08608710000001 47.0860992 47.084326700000005 47.0833917 47.0824644 47.0812319 47.08086369635324
5;5;8.440800380026655 8.4379565 8.437650300000001 8.440892800000002 8.440698300000001 8.4406929 8.440800380026655;47.08086369635324 47.074341700000005 47.07559620000001 47.0793902 47.08021110000001 47.080735700000005 47.08086369635324
5;5;8.440800380026655 8.4406929 8.4417472 8.440800380026655;47.08086369635324 47.080735700000005 47.0820257 47.08086369635324
5;1;8.440800380026655 8.4402756 8.4399997 8.4397242 8.4395551 8.439404699999999 8.439115199999998 8.4388149 8.4385977 8.4383444 8.4380193 8.437749 8.437477000000001 8.4372045 8.436935 8.4367082 8.4364457 8.4362061 8.4359605 8.4357004 8.4350995 8.4343134 8.4345664 8.43458 8.4346064 8.434606 8.4346164083627;47.08086369635324 47.0811339 47.0814599 47.081561 47.0817055 47.08197929999999 47.08216420000001 47.082407700000005 47.0825314 47.0825966 47.082659899999996 47.0827811 47.0829282 47.0830804 47.0832031 47.0833549 47.08340820000001 47.0836566 47.083838 47.0839657 47.08496829999999 47.086265399999995 47.0861696 47.086175 47.0861796 47.0861807 47.08617838693552
1;1;8.4346164083627 8.4346164083627;47.08617838693552 47.08617838693552
1;1;8.4346164083627 8.4380326 8.4346164083627;47.08617838693552 47.0859769 47.08617838693552
1;9;8.4346164083627 8.435478199999999 8.4493341 8.451039 8.4529516 8.6282362 8.6121266 8.6128705 8.612618300000001 8.627586599999999 8.6333659 8.5981781 8.5923359 8.5857629 8.5963115 8.5958478 8.5922197 8.5767993 8.5020933 8.5029605 8.5033739 8.2079003 8.2030492 8.1686475 8.1655987 8.137687 8.1268992 8.0211618 8.010410499999999 7.9805671 7.9648363 7.8824667 7.874859799999999 7.874859799999999 7.8699973 7.858492299999999 7.8137208 7.780127900000001 7.7767759000000005 7.776354700000001 7.7748235 7.7748523 7.774787400000001 7.7747570999999995 7.7747725999999995 7.774775599999999 7.774798599999999 7.7748209 7.774831699999999 7.774822299999999 7.7747739000000005 7.7748034 7.7748650999999995 7.7748024000000004 7.774909299999999 7.7747902 7.7747898 7.775381299999999 7.7758303 7.7748077 7.774141800000001 7.774141800000001 7.774729700000001 7.7719012 7.771656599999999 7.771253 7.770780499999999 7.770077900000001 7.7693732 7.769062400000001 7.7690234 7.7694472999999995 7.7696635999999994 7.7698232 7.7666894 7.7665622 7.766473599999999 7.7664543 7.7666146 7.7666241 7.7665608 7.766530199999999 7.7665850999999995 7.7665735 7.7660659 7.764705 7.7634191999999995 7.7641852 7.7641852 7.7641852 7.7592949 7.7572233 7.756017900000001 7.7564925 7.757722200000001 7.758592500000001 7.7584826 7.774729400000001 7.7747201 7.7482899000000005 7.7482866999999995 7.7483159 7.7481819000000005 7.7479727 7.747822200000001 7.7477752 7.7481448 7.7475622 7.7485046 7.7493079 7.7509765 7.7511303 7.751124400000001 7.751210700000001 7.7512509000000005 7.7513667 7.751418400000001 7.7514265 7.7515041 7.751469 7.751618623731115;47.08617838693552 47.084934999999994 47.0973967 47.102497 47.1044839 47.0310124 46.9829661 46.930001399999995 46.928113 46.8965391 46.853581899999995 46.6997781 46.6780232 46.658763799999996 46.6342682 46.6350875 46.635796299999996 46.625418200000006 46.598078 46.5986107 46.597783299999996 46.448106700000004 46.443968299999995 46.4202758 46.4188205 46.4019146 46.394625899999994 46.3390383 46.326946899999996 46.3173714 46.3076319 46.275250899999996 46.2359935 46.2359935 46.23386370000001 46.227760100000005 46.18482720000001 46.093633399999995 46.07010820000001 46.068695 46.06811879999999 46.068099700000005 46.0681287 46.0680585 46.0680374 46.068048100000006 46.068054700000005 46.0679886 46.0677141 46.0676702 46.067662 46.0677064 46.0677101 46.0676594 46.0676332 46.0675766 46.067298 46.065948299999995 46.064761299999994 46.063084100000005 46.062239 46.062239 46.067652 46.054135200000005 46.0538627 46.0536428 46.0532898 46.0525701 46.0505153 46.049552 46.0493963 46.050639700000005 46.0512873 46.0517701 46.04513970000001 46.044775099999995 46.0448097 46.04476470000001 46.0447496 46.044748299999995 46.0447704 46.044771999999995 46.0448217 46.0448508 46.044695700000005 46.043711200000004 46.042255100000006 46.043029600000004 46.043029600000004 46.043029600000004 46.035781799999995 46.03481420000001 46.0342343 46.0344831 46.0350901 46.035515999999994 46.0354517 46.0676594 46.0676613 46.0251379 46.025112299999996 46.0250916 46.0249151 46.024652200000006 46.0244305 46.0241612 46.0238 46.0229057 46.0217485 46.020957 46.019535499999996 46.0195512 46.0195317 46.019460200000005 46.0193119 46.0191735 46.0190649 46.018888200000006 46.018780299999996 46.0186245 46.01863980603893
9;9;7.751618623731115 7.751312400000001 7.749198900000001 7.7480882 7.7481056 7.751052199999999 7.751618623731115;46.01863980603893 46.0200917 46.020689399999995 46.0217763 46.0218083 46.019264899999996 46.01863980603893
9;9;7.751618623731115 7.7506656000000005 7.7493297000000005 7.750886 7.7506842 7.751618623731115;46.01863980603893 46.019095799999995 46.0181896 46.0193248 46.0191371 46.01863980603893
9;9;7.751618623731115 7.751618623731115;46.01863980603893 46.01863980603893
9;9;7.751618623731115 7.7509219 7.7499894 7.7489946 7.749243400000001 7.7486201 7.7480135 7.748216900000001 7.7491316999999995 7.7505538 7.7513936 7.7701811 7.770244099999999 7.7702459 7.7691253 7.768737700000001 7.7763097000000005 7.7700739 7.770094 7.7674685 7.7706289 7.770233900000001 7.763086500000001 7.767637599999999 7.767637599999999 7.7646234 7.7647992 7.732034 7.753422200000001 7.753158999999999 7.7529587 7.7526658 7.752462400000001 7.7523879 7.7523740000000005 7.7523682 7.7523375 7.752343600000001 7.7524064 7.752405400000001 7.7523704 7.752217 7.7520373 7.7517274 7.7516504 7.745976700000001 7.746523700000001 7.7418005 7.7418005 7.747350999999999 7.749718700000001 7.7470647 7.7528162 7.7528815 7.751722999999999 7.7509336 7.751618623731115;46.01863980603893 46.0195357 46.0183574 46.018885100000006 46.0206288 46.0216658 46.0216429 46.0217162 46.020748499999996 46.02141339999999 46.022308100000004 46.0172196 46.0172052 46.0172054 46.016649900000004 46.0165651 46.0245667 46.0172977 46.0170914 46.011795 46.0132502 46.0132022 46.012837700000006 46.0117624 46.0117624 46.0109015 46.010923999999996 46.006553100000005 46.0110477 46.011123100000006 46.0112772 46.0113196 46.011573999999996 46.0117784 46.011921799999996 46.0119222 46.011888299999995 46.0119568 46.0121805 46.0123491 46.0125511 46.0123516 46.0122013 46.0118951 46.011713 46.0130702 46.013572100000005 46.0127156 46.0127156 46.0150067 46.0193656 46.02221420000001 46.020306899999994 46.0201553 46.020314299999995 46.0193909 46.01863980603893
9;9;7.751618623731115 7.751618623731115;46.01863980603893 46.01863980603893
9;1;7.751618623731115 7.7508883 7.7498207 7.748622800000001 7.7474604000000005 7.7478629 7.747817200000001 7.7476071 7.747749300000001 7.7749242 7.7748235 7.778055900000001 7.778055900000001 7.778055900000001 7.775725099999999 7.7781791 7.7781791 7.781008900000001 7.800670299999999 7.8115671 7.865228200000001 7.8705145000000005 7.8632795 7.8632795 7.833589599999999 7.7468756999999995 7.7467614000000005 7.7505297 7.7559302 7.7569489 7.6688882 7.669974000000001 7.6725183 7.6606535000000004 7.655950900000001 7.6680898 7.6681144 7.805048200000001 7.8399447 8.093561900000001 8.1392974 8.174833099999999 8.1766977 8.2739046 8.3310213 8.2956805 8.294538900000001 8.3345795 8.3687469 8.3741199 8.3741199 8.3824009 8.4401947 8.4394936 8.4410552 8.4346164083627;46.01863980603893 46.0199223 46.020577100000004 46.021598499999996 46.0226349 46.024011 46.0239837 46.024083700000006 46.024119299999995 46.067640000000004 46.06811879999999 46.0704809 46.0704809 46.0704809 46.068540999999996 46.074219799999995 46.074219799999995 46.095774 46.1738133 46.1879562 46.23046179999999 46.2313475 46.298821999999994 46.298821999999994 46.2993406 46.305201700000005 46.3173121 46.319165600000005 46.366454100000006 46.3639055 46.4910274 46.4950323 46.497738899999995 46.557581 46.589062 46.6849376 46.6849839 46.6603583 46.6705832 46.7458495 46.760846799999996 46.816148299999995 46.8187562 46.9435197 46.9775445 47.034105 47.0744468 47.093275899999995 47.1174355 47.1219974 47.1219974 47.1216443 47.145804299999995 47.0870943 47.0872851 47.08617838693552
1;1;8.4346164083627 8.4346164083627;47.08617838693552 47.08617838693552
1;10;8.4346164083627 8.4340242 8.4328925 8.4325095 8.435936199999999 8.3664498 8.337497099999998 8.3406728 8.308286500000001 8.3108019 8.3104718 6.641994599999999 6.641994599999999 6.641994599999999 8.1916969 8.0986577 8.097996 8.026453 6.641994599999999 7.9675862 6.641994599999999 7.9519311 7.9519311 7.9519311 7.9426410999999995 7.9372045 7.9372045 7.928672200000001 7.928672200000001 7.9281524999999995 7.927855 7.923369800000001 7.9184053 7.9129788 7.9129788 7.882537299999999 7.884987799999999 7.8784273 7.8722568 7.867731699999999 7.8617897999999995;47.08617838693552 47.084022 47.08330479999999 47.0836227 47.0839874 47.0447027 47.053515600000004 47.0527125 47.0471173 47.048339299999995 47.0490636 46.5247836 46.5247836 46.5247836 47.1152662 47.1709571 47.170413700000005 47.18459179999999 46.5247836 47.243612 46.5247836 47.2761308 47.2761308 47.2761308 47.2884549 47.293135799999995 47.293135799999995 47.3041799 47.3041799 47.3049771 47.305599799999996 47.3106967 47.311958000000004 47.3151067 47.3151067 47.3107545 47.3047442 47.306550200000004 47.3007039 47.3019378 47.2970447
10;11;7.8617897999999995 6.641994599999999 7.4378125 7.436996000000001 7.436610400000001 7.4362742 7.4369431 7.4368333 7.438016665;47.2970447 46.5247836 46.9488169 46.9484336 46.9482128 46.948446999999994 46.9484507 46.9486331 46.95039002654971
11;12;7.438016665 7.438717 7.437986500000001 7.4377244000000005 7.435573619087412;46.95039002654971 46.952009600000004 46.953376299999995 46.954367 46.9556033970603
12;12;7.435573619087412 7.435442999999999 7.435573619087412;46.9556033970603 46.955617600000004 46.9556033970603
12;12;7.435573619087412 7.4350393 7.435573619087412;46.9556033970603 46.9539316 46.9556033970603
12;12;7.435573619087412 7.4350393 7.435573619087412;46.9556033970603 46.9539316 46.9556033970603
12;13;7.435573619087412 7.4353204 7.433616822222221;46.9556033970603 46.955640100000004 46.95534706527778
13;12;7.433616822222221 7.434630900000001 7.435573619087412;46.95534706527778 46.9551786 46.9556033970603
12;12;7.435573619087412 7.435702099999999 7.4356518 7.435573619087412;46.9556033970603 46.955752399999994 46.9520611 46.9556033970603
12;11;7.435573619087412 7.4350105 7.434700200000001 7.4344363 7.4343114 7.4341758 7.4340307 7.4338371 7.433781599999999 7.433610300000001 7.4334481 7.433327900000001 7.433245200000001 7.433125 7.433027099999999 7.4328463000000005 7.432800299999999 7.4326157 7.432813799999999 7.433192999999999 7.436851 7.4375568 7.438016665;46.9556033970603 46.9555259 46.9555036 46.955520299999996 46.955422600000006 46.9552761 46.955139700000004 46.954991 46.954882299999994 46.9547576 46.9546032 46.9544196 46.9542549 46.9540815 46.9538953 46.9537112 46.953586200000004 46.95330870000001 46.953213 46.952667600000005 46.950494799999994 46.9506005 46.95039002654971
11;1;7.438016665 7.4377381 7.437247900000001 7.4362432 7.436197 7.437897099999999 7.435846799999999 7.4358708 7.4359322 7.434489999999999 7.435886200000001 7.4371027000000005 7.437363900000001 7.43737 7.4366254000000005 7.4434247000000004 7.440802400000001 7.451674099999999 7.4504327 7.4580227 7.4580227 7.46616 7.425624099999999 7.882537299999999 7.919178 7.9311694 7.9426410999999995 7.425624099999999 7.9755416 8.105758999999999 8.119141099999998 8.2435063 8.273089500000001 8.2889859 8.290958199999999 8.2912088 8.2957451 8.3101893 8.3101337 8.3104128 8.3107817 8.311110300000001 8.3090922 8.310309 8.3082545 8.4327453 8.4393152 8.4346164083627;46.95039002654971 46.9503341 46.9501489 46.9499686 46.9499015 46.952220000000004 46.9504931 46.950507 46.9505112 46.9518316 46.950503000000005 46.9478539 46.948842799999994 46.948887400000004 46.9501672 46.9536905 46.9563023 46.9641377 46.9636083 46.9669778 46.9669778 46.9815055 46.94732570000001 47.3107545 47.31313970000001 47.2997027 47.2884549 46.94732570000001 47.2001777 47.1735203 47.149569299999996 47.0910087 47.0934623 47.0580104 47.054499799999995 47.0544816 47.052927399999994 47.0479469 47.0489075 47.0502069 47.048275 47.0483256 47.048589 47.048787700000005 47.0495683 47.0835793 47.0864947 47.08617838693552
1;1;8.4346164083627 8.4409505 8.441409 8.4410588 8.4395658 8.4393882 8.438697099999999 8.4371385 8.437270199999999 8.434982699999999 8.4355934 8.4355934 8.434982699999999 8.4331962 8.434982699999999 8.4349541 8.4400431 8.4384899 8.4412219 8.4403376 8.4404043 8.4404686 8.439670300000001 8.434452499999999 8.4371179 8.435817199999999 8.4346164083627;47.08617838693552 47.081559000000006 47.0804386 47.0784711 47.077081299999996 47.0754992 47.0742638 47.0747439 47.074692600000006 47.0734684 47.0714535 47.0714535 47.0734684 47.0722434 47.0734684 47.073613 47.0775406 47.0862494 47.086424 47.0876709 47.087725799999994 47.087649299999995 47.0872484 47.0853225 47.086758 47.0864092 47.08617838693552
1;14;8.4346164083627 8.434374900000002 8.432557800000001 8.3547273 8.3406728 8.3106507 7.9430395 8.2903119 8.2921467 7.9430395 8.2739974 8.2644688 7.9430395 7.9398989 7.9416225 7.9273084 7.9430395 7.4360650999999995 7.4364988 7.4364162 7.43617 7.4362152 7.4361659 7.4361493 7.436247900000001 7.4334648 7.4329106 7.4325149999999995 7.4319448 7.431687400000001 7.431428100000001 7.4311602 7.430875 7.4308238 7.4300512095896085;47.08617838693552 47.083796500000005 47.08148 47.043113299999995 47.0527125 47.048730799999994 47.287585899999996 47.0548529 47.0547195 47.287585899999996 47.0811446 47.0870419 47.287585899999996 47.288030799999994 47.288833000000004 47.3073489 47.287585899999996 46.9481888 46.948228 46.948716499999996 46.950061100000006 46.9499836 46.9499386 46.9499753 46.9498441 46.95230720000001 46.952851200000005 46.9533321 46.9536654 46.9538087 46.953849700000006 46.9540984 46.9543071 46.9542297 46.953853167273486
14;14;7.4300512095896085 7.4303645000000005 7.4300512095896085;46.953853167273486 46.954004600000005 46.953853167273486
14;14;7.4300512095896085 7.4290569 7.4300512095896085;46.953853167273486 46.954931099999996 46.953853167273486
14;12;7.4300512095896085 7.4319807 7.4334455 7.4352426 7.435426400000001 7.435573619087412;46.953853167273486 46.9537324 46.954663000000004 46.9556077 46.9555117 46.9556033970603
12;13;7.435573619087412 7.4354607999999995 7.4350393 7.4354166 7.4354397 7.435442599999999 7.4354452 7.4354591 7.435444099999999 7.435388900000001 7.4352681 7.4352384 7.4355101999999995 7.435088499999999 7.434848599999999 7.4346312999999995 7.433616822222221;46.9556033970603 46.9553546 46.9539316 46.95541179999999 46.9554129 46.9553971 46.95538320000001 46.9553682 46.955393900000004 46.95549129999999 46.955577500000004 46.955579 46.9557316 46.9555912 46.9555157 46.955459600000005 46.95534706527778
13;12;7.433616822222221 7.435573619087412;46.95534706527778 46.9556033970603
12;12;7.435573619087412 7.435573619087412;46.9556033970603 46.9556033970603
12;15;7.435573619087412 7.4337591 7.432303599999999 7.4308152000000005 7.4291152 7.427319000000001 7.427319000000001 7.4238447 7.4228481 7.4221542000000005 7.4222981 7.422987299999999 7.4225607 7.423392999999999 7.4249755 7.4233484 7.4246931 7.4265284 7.428526799999999 7.4305849 7.432077400000001 7.434870200000001 7.435981599999999 7.436706200000001 7.437774500000001;46.9556033970603 46.9549499 46.9543307 46.9542342 46.954111100000006 46.9538421 46.9538421 46.9546598 46.9531976 46.9528017 46.9527224 46.952819 46.9530069 46.953587299999995 46.9533658 46.9535755 46.954231 46.9540576 46.9534064 46.95233270000001 46.951899700000006 46.951413099999996 46.95051420000001 46.94851920000001 46.948815925
15;1;7.437774500000001 7.4371906 7.445294099999999 7.4681199000000005 7.467448700000001 7.462210000000001 7.5379906000000005 7.8625205000000005 7.8836823 7.9088593 7.942617200000001 7.9398989 7.9672192 8.098963099999999 8.2627735 8.263629400000001 8.268332899999999 8.291325200000001 8.3051915 8.307887599999999 8.3107997 8.3107357 8.310484599999999 8.293034299999999 8.3301272 8.3684628 8.435936199999999 8.4307527 8.4307527 8.432557800000001 8.440319 8.4346164083627;46.948815925 46.9495202 46.9566198 46.9749667 46.9808107 46.9762688 47.0498037 47.297993299999995 47.305029100000006 47.3110874 47.2883656 47.288030799999994 47.2464968 47.1694019 47.0837955 47.0880215 47.086149299999995 47.0544731 47.045506200000005 47.049595000000004 47.0484006 47.0490815 47.0494367 47.0500635 47.05454879999999 47.0451672 47.0839874 47.0779375 47.0779375 47.08148 47.0873396 47.08617838693552
1;1;8.4346164083627 8.4346164083627;47.08617838693552 47.08617838693552
1;10;8.4346164083627 8.4384899 8.432557800000001 8.432557800000001 8.448641699999998 8.3979496 8.3684628 8.3406728 8.3116855 8.3116855 8.2982583 8.310006 8.309880999999999 8.310493 8.2957451 8.291325200000001 8.277458 8.268332899999999 8.119141099999998 8.0983914 7.9814378 7.9660037 7.948022 7.9277682 7.868099099999999 7.8617897999999995;47.08617838693552 47.0862494 47.08148 47.08148 47.092545 47.059838 47.0451672 47.0527125 47.0536038 47.0536038 47.0542761 47.0449641 47.050036 47.0491539 47.052927399999994 47.0544731 47.076299799999994 47.086149299999995 47.149569299999996 47.1700969 47.21449570000001 47.2475029 47.2822414 47.3036278 47.3019125 47.2970447
10;11;7.8617897999999995 7.5622579 7.462210000000001 7.4686125 7.466279400000001 7.4385015 7.438614100000001 7.4387777999999996 7.4386159 7.4386159 7.4386159 7.438183099999999 7.438183099999999 7.4379326 7.4378211 7.4377759999999995 7.437655800000001 7.4376932 7.438016665;47.2970447 47.0674642 46.9762688 46.9810399 46.9735609 46.949033899999996 46.9492805 46.9492794 46.94928 46.94928 46.94928 46.9495506 46.9495506 46.9495926 46.9497561 46.949974299999994 46.9501999 46.950353799999995 46.95039002654971
11;12;7.438016665 7.4385162 7.4427023000000005 7.438650900000001 7.437002099999999 7.4350705999999995 7.4353239 7.435363300000001 7.435573619087412;46.95039002654971 46.950598799999995 46.9537376 46.9536964 46.954414 46.9554551 46.955603700000005 46.9555709 46.9556033970603
12;13;7.435573619087412 7.435306 7.435306 7.4357019 7.433616822222221;46.9556033970603 46.9563551 46.9563551 46.9557354 46.95534706527778
13;12;7.433616822222221 7.435573619087412;46.95534706527778 46.9556033970603
12;12;7.435573619087412 7.4346122 7.4352402 7.435441099999999 7.4354185 7.435573619087412;46.9556033970603 46.9554938 46.9555744 46.95533820000001 46.955345799999996 46.9556033970603
12;14;7.435573619087412 7.433397500000001 7.431946000000001 7.431192599999999 7.4301490999999995 7.4300512095896085;46.9556033970603 46.954637299999995 46.9547431 46.9532666 46.9538005 46.953853167273486
14;14;7.4300512095896085 7.4299835000000005 7.4300512095896085;46.953853167273486 46.954260600000005 46.953853167273486
14;15;7.4300512095896085 7.4317668 7.4339515 7.4364848 7.4371713 7.4371064 7.437305 7.4368171 7.437495299999999 7.4371535 7.437774500000001;46.953853167273486 46.9537187 46.9521543 46.948735 46.9488364 46.948807099999996 46.948877100000004 46.9487346 46.9493279 46.9488668 46.948815925
15;16;7.437774500000001 7.467863900000001 7.467863900000001 7.466279400000001 7.4619272 7.5844682 7.904037 7.906639500000001 7.909514 7.936921099999999 7.9822585 8.1327532 8.1835209 8.1898624 8.196528 8.2025984 8.2127982 8.221956200000001 8.2739628 8.2765114 8.3073053 8.308533800000001 8.3099498 8.311117900000001 8.310625368;46.948815925 46.9697945 46.9697945 46.9735609 46.976592499999995 47.1299536 47.312881299999994 47.3136532 47.314196700000004 47.29346279999999 47.190811 47.1423191 47.1168916 47.1165683 47.116010700000004 47.1155406 47.1123834 47.10913529999999 47.0835972 47.0653452 47.045046299999996 47.0492418 47.049131700000004 47.0499202 47.048145101555555
16;1;8.310625368 8.3094293 8.3101535 8.310340400000001 8.3118344 8.3684628 8.3684628 8.3744827 8.4417472 8.4326729 8.4334477 8.4334477 8.4346164083627;47.048145101555555 47.048767 47.0488869 47.0488261 47.04783 47.0451672 47.0451672 47.045041 47.0820257 47.0835487 47.084313 47.084313 47.08617838693552
1;1;8.4346164083627 8.4328019 8.4333538 8.412431300000001 8.4381769 8.4339591 8.4346164083627;47.08617838693552 47.083455900000004 47.0833421 47.0893016 47.0838151 47.085256799999996 47.08617838693552
1;1;8.4346164083627 8.4357484 8.4355525 8.435410000000001 8.435264199999999 8.435103199999999 8.4350376 8.434906 8.435023199999998 8.4350108 8.4349648 8.4350628 8.435355099999999 8.4356629 8.4361578 8.4364194 8.4368648 8.437135699999999 8.4394144 8.4394875 8.4393445 8.4393167 8.4392196 8.437036599999999 8.4349728 8.4354119 8.4347606 8.4335578 8.434525599999999 8.440170199999999 8.4529849 8.488369500000001 8.5195537 8.5304446 8.5331744 8.522416400000001 8.508396000000001 8.470034599999998 8.4497063 8.4525287 8.446443499999999 8.431697900000001 8.4387574 8.434579600000001 8.4346164083627;47.08617838693552 47.0840875 47.0839495 47.0837424 47.0836001 47.083400299999994 47.0832327 47.0830464 47.0828033 47.082624200000005 47.0824545 47.0822704 47.0822475 47.0822231 47.082071299999996 47.08198529999999 47.08182120000001 47.0817303 47.0805054 47.081072 47.081004899999996 47.080968 47.080875899999995 47.081715100000004 47.082317700000004 47.0838601 47.0845477 47.0857982 47.086009999999995 47.0870624 47.1931342 47.188972 47.195876500000004 47.196929700000005 47.197866499999996 47.1975779 47.1902433 47.1958612 47.1378361 47.110645399999996 47.0914822 47.0849135 47.087148799999994 47.086174799999995 47.08617838693552
1;16;8.4346164083627 8.434090199999998 8.422002800000001 8.417777099999999 8.413772999999999 8.412466 8.413269699999999 8.343793400000001 8.3407609 8.3407609 8.3407609 8.3383082 8.33767 8.3011726 8.3011726 8.3097674 8.310625368;47.08617838693552 47.0857031 47.072500500000004 47.070736700000005 47.0689315 47.0685231 47.068776299999996 47.04938189999999 47.053012200000005 47.053012200000005 47.053012200000005 47.053275299999996 47.0538236 47.055500200000004 47.055500200000004 47.048725399999995 47.048145101555555
16;10;8.310625368 8.5612871 8.3105145 8.5612871 7.9675958 8.5612871 7.9427304 8.305868499999999 7.8917741999999995 7.885612400000001 7.8789406 7.8731792 7.8669946 7.8605563 7.855452099999999 7.8542909 7.8542909 7.8542909 7.8617897999999995;47.048145101555555 47.4517068 47.0480398 47.4517068 47.244297499999995 47.4517068 47.288566100000004 47.0481024 47.3098991 47.30839520000001 47.3064063 47.3044305 47.3018786 47.2991559 47.294769099999996 47.292443799999994 47.292443799999994 47.292443799999994 47.2970447
10;14;7.8617897999999995 7.436663900000001 7.4367456999999995 7.436675999999999 7.4366515 7.4366128 7.4363967 7.436503699999999 7.4364893 7.4364479999999995 7.436414599999999 7.4314442 7.4327156 7.43124 7.4318364 7.4300512095896085;47.2970447 46.9481268 46.9481225 46.9481353 46.948288500000004 46.948561700000006 46.948869 46.949162799999996 46.9493547 46.9494925 46.94965620000001 46.9514197 46.953472600000005 46.952043100000004 46.9529196 46.953853167273486
14;14;7.4300512095896085 7.429999799999999 7.4300512095896085;46.953853167273486 46.9535507 46.953853167273486
14;14;7.4300512095896085 7.4300512095896085;46.953853167273486 46.953853167273486
14;1;7.4300512095896085 7.4305766 7.4328943 7.4361762 7.4362424 7.4364195 7.4377402 7.4359503 7.4377402 7.4438961 7.461408099999999 7.5218753 7.5601656 7.861902499999999 7.892546 7.9190938 7.9432076 7.947937599999999 7.963000699999999 8.0198067 8.0262268 8.2678432 8.2753613 8.2879726 8.310875099999999 8.310767 8.3107561 8.3105119 8.3063083 8.311773299999999 8.328717 8.3546391 8.3743532 8.4346164083627;46.953853167273486 46.9539417 46.9529111 46.949894 46.949839700000005 46.9486739 46.9487626 46.9489908 46.9487626 46.9554905 46.9760159 47.0251915 47.065156 47.2971138 47.310370899999995 47.3128381 47.2878008 47.281940000000006 47.2581551 47.1839645 47.184850700000005 47.0883289 47.0819644 47.0583902 47.0483501 47.0483624 47.048730799999994 47.0498269 47.044200700000005 47.0539035 47.055422799999995 47.0428137 47.045198299999996 47.08617838693552
1;1;8.4346164083627 8.440319 8.4345569 8.4346164083627;47.08617838693552 47.0873396 47.08617 47.08617838693552
1;1;8.4346164083627 8.435911599999999 8.4342648 8.4371054 8.448198399999999 8.447503900000001 8.4541921 8.4365788 8.4770793 8.4775968 8.4745409 8.4696651 8.434697 8.438711900000001 8.4506601 8.4346164083627;47.08617838693552 47.085992600000004 47.085904299999996 47.0857799 47.091851399999996 47.0963064 47.1099091 47.1527942 47.187092299999996 47.1871398 47.18693 47.195888599999996 47.176069700000006 47.1414102 47.1064638 47.08617838693552
1;1;8.4346164083627 8.4346274 8.4384899 8.4346164083627;47.08617838693552 47.0861654 47.0862494 47.08617838693552
1;1;8.4346164083627 8.4299469 8.4392027 8.440386300000002 8.4430552 8.4425725 8.4689478 8.449975199999999 8.471415400000001 8.460491699999999 8.3921841 8.4372618 8.3197921 8.4724123 8.472226 8.4721251 8.472242699999999 8.472240600000001 8.4723457 8.472450199999999 8.472491900000001 8.472518199999998 8.472541099999999 8.4725154 8.472563800000001 8.472656 8.4743888 8.4747102 8.4735373 8.472278999999999 8.4780712 8.481334 8.4840073 8.484949499999999 8.4849545 8.4854209 8.4851269 8.484248599999999 8.4814642 8.3404613 8.474069199999999 8.4848556 8.4927523 8.4329444 8.4687981 8.4587584 8.4658301 8.465158099999998 8.4651668 8.4651235 8.4651219 8.4651219 8.4651219 8.4651304 8.465130499999999 8.4624585 8.463367199999999 8.457021600000001 8.447566900000002 8.4364862 8.4370847 8.4364862 8.4346164083627;47.08617838693552 47.0853493 47.0864783 47.0874805 47.0842499 47.0822709 47.066983799999996 47.1691081 47.0637714 47.1790706 47.2290611 47.0866533 47.050564 47.0549774 47.0548157 47.054737700000004 47.0546826 47.0547646 47.0548383 47.054917700000004 47.0549915 47.055042900000004 47.055105299999994 47.055219799999996 47.0553485 47.055521399999996 47.0536167 47.054061 47.05241029999999 47.0519315 47.0487054 47.05521470000001 47.0552226 47.0557836 47.0559034 47.056706 47.0555269 47.055217999999996 47.055268299999994 47.2323534 47.053511900000004 47.180679100000006 47.1834268 47.2895746 47.0670141 47.0822972 47.0762658 47.0771751 47.0771224 47.0770599 47.0770617 47.0770617 47.0770617 47.0770516 47.0770515 47.076578000000005 47.076930600000004 47.091617600000006 47.082969899999995 47.085928 47.085692200000004 47.085928 47.08617838693552
1;17;8.4346164083627 8.4332899 8.4326821 8.432716099999999 8.4434813 8.4326659 8.4325185 8.4372157 8.4424196 8.443737599999999 8.4506884 8.4590311 8.4622049 8.4606659 8.4606731 8.460674800000001 8.461445199999998 8.462572 8.4632876 8.4631461 8.4623664 8.4622995 8.4636121 8.463617999999999 8.4658871 8.4649609 8.463852903013468;47.08617838693552 47.0843943 47.0835669 47.0834766 47.0818435 47.083564100000004 47.083623200000005 47.0831217 47.0827514 47.084816 47.0916334 47.093394 47.097854 47.0969234 47.0969273 47.0969292 47.0968619 47.097791 47.0976929 47.097638200000006 47.0979263 47.0979165 47.0975429 47.098362200000004 47.0986209 47.0993026 47.0982868565885
17;17;8.463852903013468 8.4649609 8.4636589 8.4636589 8.4643894 8.463852903013468;47.0982868565885 47.0993026 47.0982812 47.0982812 47.0980885 47.0982868565885
17;17;8.463852903013468 8.4642752 8.463908199999999 8.4649609 8.463814 8.463173699999999 8.4636515 8.4637813 8.463852903013468;47.0982868565885 47.098355100000006 47.0932518 47.0993026 47.097773 47.0978294 47.0982776 47.097429299999995 47.0982868565885
17;17;8.463852903013468 8.4625613 8.463852903013468;47.0982868565885 47.1000936 47.0982868565885
17;17;8.463852903013468 8.4658871 8.4658871 8.463852903013468;47.0982868565885 47.0986209 47.0986209 47.0982868565885
17;17;8.463852903013468 8.462940199999998 8.4644007 8.4636589 8.4636589 8.463863 8.463908199999999 8.463852903013468;47.0982868565885 47.0988396 47.097967499999996 47.0982812 47.0982812 47.0977271 47.0932518 47.0982868565885
17;17;8.463852903013468 8.460951199999998 8.463852903013468;47.0982868565885 47.094696899999995 47.0982868565885
17;17;8.463852903013468 8.4628634 8.463852903013468;47.0982868565885 47.0977655 47.0982868565885
17;17;8.463852903013468 8.4636589 8.4634731 8.463852903013468;47.0982868565885 47.0982812 47.097413700000004 47.0982868565885
17;1;8.463852903013468 8.463845 8.4635718 8.463643699999999 8.4622813 8.4484642 8.438311500000001 8.440319 8.4425725 8.4384899 8.4346164083627;47.0982868565885 47.0973502 47.0982078 47.098254700000005 47.0979651 47.102058 47.0856499 47.0873396 47.0822709 47.0862494 47.08617838693552
1;5;8.4346164083627 8.4355301 8.437379400000001 8.4395236 8.440800380026655;47.08617838693552 47.0845275 47.0830086 47.081959600000005 47.08086369635324
5;5;8.440800380026655 8.4406739 8.4428402 8.440800380026655;47.08086369635324 47.0807448 47.083170200000005 47.08086369635324
5;5;8.440800380026655 8.440675 8.4428402 8.440800380026655;47.08086369635324 47.080744 47.083170200000005 47.08086369635324
5;5;8.440800380026655 8.4425725 8.440657400000001 8.440800380026655;47.08086369635324 47.0822709 47.0807383 47.08086369635324
5;5;8.440800380026655 8.440692 8.4428402 8.440800380026655;47.08086369635324 47.0807439 47.083170200000005 47.08086369635324
5;1;8.440800380026655 8.4399308 8.437857000000001 8.4359964 8.4339576 8.4346164083627;47.08086369635324 47.0816119 47.0827344 47.0838479 47.0852317 47.08617838693552
1;1;8.4346164083627 8.4346164083627;47.08617838693552 47.08617838693552
1;16;8.4346164083627 8.434650099999999 8.4329852 8.433056500000001 8.4333707 8.433565 8.4339434 8.4338118 8.4335524 8.4334399 8.409412 8.410103300000001 8.409270699999999 8.406130300000001 8.400538599999999 8.3981136 8.394872099999999 8.3926125 8.388184299999999 8.380529899999999 8.337319599999999 8.336185400000002 8.3311112 8.2961997 8.310006 8.3098845 8.310625368;47.08617838693552 47.086187 47.0843246 47.0844942 47.084492 47.084317799999994 47.084375 47.0841932 47.083997 47.0837195 47.0677436 47.067809999999994 47.067614299999995 47.066334600000005 47.06157329999999 47.0588412 47.056656700000005 47.0541727 47.052408899999996 47.049178999999995 47.0528869 47.0527805 47.05463579999999 47.053200399999994 47.0449641 47.04841679999999 47.048145101555555
16;12;8.310625368 8.2780687 8.2766628 8.276862 8.2777785 8.279119 8.2819315 8.280285000000001 8.2751929 8.2724026 8.2619287 8.1951943 8.097587599999999 7.9768407 7.975338799999999 7.973440400000001 7.9742572 7.9765483999999995 7.9786109 7.9793477 7.9770113 7.9752602 7.568333900000001 7.450558099999999 7.441430099999999 7.435700099999999 7.4350781 7.435013499999999 7.4349657 7.434474499999999 7.4347094 7.435306 7.435306 7.4353647 7.434348299999999 7.435573619087412;47.048145101555555 47.0719684 47.0752991 47.0784291 47.0816365 47.085079799999995 47.088077399999996 47.091473799999996 47.0918213 47.090171399999996 47.0833315 47.11440220000001 47.1708902 47.1954847 47.198563899999996 47.2029055 47.2075026 47.2122898 47.2167727 47.221652500000005 47.2260615 47.2294757 47.0750144 46.9626846 46.9516848 46.950546200000005 46.9518244 46.9535 46.9535843 46.9538311 46.9554786 46.9563551 46.9563551 46.955535600000005 46.955502100000004 46.9556033970603
12;12;7.435573619087412 7.435904700000001 7.435573619087412;46.9556033970603 46.9557866 46.9556033970603
12;12;7.435573619087412 7.435573619087412;46.9556033970603 46.9556033970603
12;12;7.435573619087412 7.4354399 7.435573619087412;46.9556033970603 46.9553365 46.9556033970603
12;13;7.435573619087412 7.433616822222221;46.9556033970603 46.95534706527778
13;12;7.433616822222221 7.4332636 7.4336885 7.434237700000001 7.435972099999999 7.435573619087412;46.95534706527778 46.9555624 46.955453799999994 46.955267299999996 46.955814600000004 46.9556033970603
12;11;7.435573619087412 7.4350246 7.4354609 7.435437599999999 7.4352734 7.435344199999999 7.4355577 7.4357533 7.4359724 7.4361953 7.4363440999999995 7.4367663 7.436916 7.4370963 7.437288099999999 7.4374999000000015 7.4376484 7.4378227 7.4380609 7.4381488 7.438016665;46.9556033970603 46.955484000000006 46.955197 46.955048299999994 46.954950200000006 46.95483970000001 46.9546711 46.954493299999996 46.954376 46.9542459 46.9541755 46.953909100000004 46.9538045 46.9536929 46.9535883 46.953483 46.9534047 46.9532902 46.9530066 46.9529331 46.95039002654971
11;15;7.438016665 7.437817999999999 7.4385418 7.4380726 7.4377576 7.4350712 7.4432675999999995 7.437809 7.437774500000001;46.95039002654971 46.950154299999994 46.9495114 46.9488199 46.9487381 46.948437899999995 46.9530905 46.9486868 46.948815925
15;2;7.437774500000001 7.4426238 7.5286913 7.461408099999999 7.461408099999999 7.461408099999999 7.563261099999999 7.793625 7.9050344 7.9108083 7.9151645 7.9619539999999995 8.1116111 8.128735 8.1856325 8.221266499999999 8.447525 8.4585839 8.4651064 8.470939 8.4760609 8.480176199999999 8.48825 8.4926384 8.4955491 8.5388778 8.537661300000002 8.537600099999999 8.534603 8.5282114 8.530448199999999 8.530540400000001 8.5307835 8.5308935 8.531137 8.5312382 8.532033199999999 8.5364584 8.533163 8.533674099999999 8.5352155 8.5461828 8.5461828 8.524331 8.5190305 8.5176012 8.5152228 8.5130427 8.5127966 8.5124021 8.510203500000001 8.508462300000001 8.5065121 8.507881300000001 8.508366 8.5075769 8.505719500000001 8.503894099999998 8.5024599 8.5011621 8.499020699999999 8.4990593 8.498514877548391;46.948815925 46.9534376 47.0342161 46.9760159 46.9760159 46.9760159 47.069844599999996 47.2379023 47.335032 47.357092200000004 47.359252399999995 47.3520005 47.401822499999994 47.3996809 47.391315399999996 47.41524570000001 47.399655700000004 47.3985286 47.3980829 47.3966125 47.3951833 47.3940195 47.3921235 47.390823600000004 47.3903118 47.377163 47.3759951 47.376047799999995 47.3766665 47.3797864 47.3832185 47.3834203 47.383495 47.3837052 47.3839524 47.3840796 47.38478189999999 47.3882722 47.3943989 47.3977453 47.4021353 47.4131133 47.4131133 47.412179200000004 47.413997200000004 47.4145283 47.4151357 47.415733 47.4158892 47.4160575 47.4171022 47.418296600000005 47.4200006 47.4199099 47.4203592 47.4198014 47.420319899999996 47.420928499999995 47.420612 47.4210251 47.421532299999996 47.421308 47.42089818119723
2;2;8.498514877548391 8.4991542 8.4974849 8.496372000000001 8.4989327 8.4983635 8.500368400000001 8.502162599999998 8.503106599999999 8.5005909 8.498492500000001 8.4985019 8.498494099999998 8.4984909 8.4984859 8.497694699999998 8.498514877548391;47.42089818119723 47.4214715 47.4222989 47.423415399999996 47.423943200000004 47.4240583 47.4236698 47.4232454 47.4225555 47.4211238 47.420936100000006 47.4209333 47.420937 47.4209462 47.4209467 47.421347600000004 47.42089818119723
2;14;8.498514877548391 8.500540199999998 8.502942800000001 8.505487599999999 8.507495 8.5079467 8.5079534 8.5077337 8.507508099999999 8.5077119 8.5397521 8.546387900000001 8.539613800000001 8.540639500000001 8.5108804 8.517194900000002 8.5234594 8.5372176 8.5368735 8.5360371 8.534632 8.5234594 8.514898800000001 8.5127772 8.509658199999999 8.505282800000002 8.2438644 8.2124462 8.162817200000001 7.9159853 7.9108925 7.7393155 7.4619272 7.436584700000001 7.4368835 7.436723599999999 7.4365752999999994 7.436511299999999 7.436366800000001 7.436147999999999 7.4358247 7.4319297 7.4300512095896085;47.42089818119723 47.4211132 47.4205244 47.4203476 47.4214472 47.421017299999995 47.4210388 47.4215086 47.421367700000005 47.4229364 47.416843 47.4123373 47.410069 47.4096839 47.3866275 47.3852316 47.381682299999994 47.3806541 47.3796003 47.378614299999995 47.378382 47.381682299999994 47.383554 47.38511870000001 47.3860349 47.3876876 47.42009 47.400471 47.3947855 47.3595033 47.3573941 47.2124409 46.976592499999995 46.9486963 46.9490506 46.948986 46.949198100000004 46.9493678 46.9495065 46.949993299999996 46.9499142 46.953628 46.953853167273486
14;14;7.4300512095896085 7.4300592000000005 7.4294655 7.4294655 7.430391999999999 7.4300512095896085;46.953853167273486 46.9541674 46.953684100000004 46.953684100000004 46.9530136 46.953853167273486
14;12;7.4300512095896085 7.430246 7.4308934 7.4314363 7.432633099999999 7.4341952000000004 7.435573619087412;46.953853167273486 46.953934999999994 46.954181 46.9538368 46.954783899999995 46.955310499999996 46.9556033970603
12;12;7.435573619087412 7.434960799999999 7.434960799999999 7.435573619087412;46.9556033970603 46.9536316 46.9536316 46.9556033970603
12;12;7.435573619087412 7.435667200000001 7.435573619087412;46.9556033970603 46.9563316 46.9556033970603
12;13;7.435573619087412 7.4352098 7.433616822222221;46.9556033970603 46.955578100000004 46.95534706527778
13;2;7.433616822222221 7.433639299999999 7.432336 7.4308269000000005 7.4294655 7.4294655 7.430297200000001 7.4294655 7.423122500000001 7.423122500000001 7.422142299999999 7.422448700000001 7.4230424 7.4223157 7.4232664999999995 7.4254005 7.4261848 7.4280181 7.4332015 7.437045599999999 7.4377402 7.439907000000001 7.4383054 7.439907000000001 7.4439747 7.462967599999999 7.4660811 7.4660811 7.5609717000000005 7.611851400000001 7.7779023 7.9064553 7.9090618 7.937187 8.0368651 8.0402156 8.1146562 8.1300728 8.2215632 8.230343099999999 8.276261400000001 8.3500556 8.3584219 8.472888300000001 8.4777426 8.492734 8.5095743 8.5234594 8.5378133 8.5398497 8.5413168 8.5428031 8.540391 8.539136 8.5382013 8.533693099999999 8.5331994 8.535970800000001 8.5333192 8.535970800000001 8.5333905 8.5234891 8.5173108 8.5079719 8.5017574 8.4989793 8.496174900000002 8.4949373 8.493495 8.491632899999999 8.4896095 8.487450500000001 8.4850364 8.4827568 8.480493899999999 8.4785445 8.4710768 8.461018699999999 8.4479924 8.4477517 8.4478655 8.4479103 8.4479424 8.4479323 8.4479227 8.447923 8.447923 8.4479243 8.4612341 8.463823 8.4646856 8.465541499999999 8.4662876 8.4490578 8.4409586 8.4850116 8.4850116 8.492985800000001 8.5028748 8.498514877548391;46.95534706527778 46.954750700000005 46.9543032 46.954254600000006 46.953684100000004 46.953684100000004 46.9554606 46.953684100000004 46.9547067 46.9547067 46.9528001 46.9528619 46.9532314 46.9527116 46.953175200000004 46.9550737 46.955999799999994 46.955419899999995 46.9527402 46.9481145 46.9487626 46.9514789 46.950973 46.9514789 46.955790500000006 46.975021999999996 46.9812054 46.9812054 47.065408500000004 47.168570700000004 47.234983500000006 47.3430964 47.353520399999994 47.3534162 47.3895473 47.388079600000005 47.4019143 47.406980499999996 47.4001563 47.4115662 47.4273042 47.43457539999999 47.433346500000006 47.3980843 47.3952579 47.390753000000004 47.387341299999996 47.381682299999994 47.3785381 47.3785593 47.3791146 47.3791381 47.383999200000005 47.3885434 47.3923396 47.3977173 47.39844179999999 47.399241700000005 47.3984889 47.399241700000005 47.407565999999996 47.4126685 47.4145519 47.41905379999999 47.4212719 47.421482 47.4237956 47.42537960000001 47.426176700000006 47.4272217 47.42848970000001 47.4296621 47.4310652 47.432424600000004 47.4341222 47.435581799999994 47.43398870000001 47.4359684 47.4088695 47.407137 47.405942700000004 47.4045864 47.4032951 47.402664 47.402668 47.4026693 47.4026693 47.4026525 47.398866999999996 47.3959396 47.39258770000001 47.39562960000001 47.3988823 47.4109859 47.4158646 47.424625899999995 47.424625899999995 47.427117200000005 47.4207034 47.42089818119723
2;10;8.498514877548391 8.4990655 8.5041007 8.5070071 8.5041007 8.5082388 8.5086466 8.5076696 8.5456095 8.5471241 8.5434183 8.5123196 8.518044900000001 8.518044900000001 8.5234594 8.536175300000002 8.5372176 8.5372176 8.5390655 8.5374897 8.5003703 8.4988832 8.4198776 8.4077727 8.375571899999999 8.362434700000001 8.262202499999999 8.2498265 8.21965 8.0492829 7.911260700000001 7.911260700000001 7.9090618 7.8617897999999995;47.42089818119723 47.421405 47.421046600000004 47.4180544 47.421046600000004 47.4215355 47.421069 47.4213557 47.4173299 47.4135157 47.4113261 47.392684700000004 47.3851684 47.3851684 47.381682299999994 47.3835057 47.3806541 47.3806541 47.377759000000005 47.3782505 47.388335299999994 47.388446 47.3986157 47.4025902 47.4271555 47.431510700000004 47.4258555 47.423667200000004 47.41227979999999 47.390829 47.3573686 47.3573686 47.353520399999994 47.2970447
10;12;7.8617897999999995 7.4430951 7.4443042 7.439310300000001 7.4386053 7.437864500000001 7.4382868 7.4386829 7.4387215 7.4390679 7.4391515 7.4389339 7.438757300000001 7.438358 7.4381782 7.4380671000000005 7.4378012 7.4372371 7.436977900000001 7.4367293000000005 7.436484200000001 7.436188799999999 7.4359587 7.435708999999999 7.4353137 7.4359401 7.4361069 7.435573619087412;47.2970447 46.9552375 46.9542434 46.9506025 46.9492806 46.9497521 46.951471500000004 46.9515069 46.9517933 46.9518981 46.95203970000001 46.9522302 46.9524697 46.9528409 46.953063799999995 46.9532709 46.953437799999996 46.953745 46.9538893 46.954036 46.9541775 46.95435 46.9545284 46.9546805 46.955649799999996 46.955809 46.956608100000004 46.9556033970603
12;12;7.435573619087412 7.435823299999999 7.435371099999999 7.4354225000000005 7.435573619087412;46.9556033970603 46.9558523 46.955623200000005 46.955527200000006 46.9556033970603
12;13;7.435573619087412 7.434196099999999 7.433979400000001 7.4338396 7.433616822222221;46.9556033970603 46.9553198 46.9552464 46.955198100000004 46.95534706527778
13;12;7.433616822222221 7.4336402999999995 7.435149099999999 7.435573619087412;46.95534706527778 46.955183700000006 46.955755100000005 46.9556033970603
12;14;7.435573619087412 7.4346803 7.4333026 7.4320783 7.4300512095896085;46.9556033970603 46.9554047 46.9544958 46.953562299999994 46.953853167273486
14;14;7.4300512095896085 7.4300512095896085;46.953853167273486 46.953853167273486
14;15;7.4300512095896085 7.4324775999999995 7.4355996 7.437128100000001 7.436269 7.4362786 7.437774500000001;46.953853167273486 46.9530794 46.950701200000005 46.948056 46.948532 46.948544299999995 46.948815925
15;1;7.437774500000001 7.462210000000001 7.462210000000001 7.462210000000001 7.5403628 7.861451700000001 7.867731699999999 7.9269406 7.962291900000001 7.9692234 8.100236200000001 8.1034407 8.1147523 8.124302400000001 8.130245 8.1365307 8.142628 8.1435692 8.1751368 8.2797312 8.3106007 8.3107303 8.3041068 8.3191147 8.3365308 8.4146795 8.4094493 8.4307527 8.4343102 8.4346164083627;46.948815925 46.9762688 46.9762688 46.9762688 47.051787299999994 47.2968374 47.3019378 47.3073744 47.2609691 47.2404237 47.1699249 47.1654037 47.153867299999995 47.1474411 47.144226200000006 47.1405417 47.136056700000005 47.1351563 47.1183094 47.0776661 47.048879299999996 47.049381700000005 47.044361 47.053830600000005 47.05393370000001 47.0657449 47.0677505 47.0779375 47.08619 47.08617838693552
1;1;8.4346164083627 8.4346164083627;47.08617838693552 47.08617838693552
1;16;8.4346164083627 8.4345443 8.4330909 8.4325152 8.432901 8.4334071 8.4335412 8.4334767 8.4331041 8.4333576 8.4334879 8.433470699999999 8.4354037 8.414551199999998 8.3979496 8.3833798 8.3745143 8.372056599999999 8.3442575 8.343561200000002 8.3432091 8.341282099999999 8.3392816 8.3383421 8.3378195 8.337760300000001 8.3377557 8.3377429 8.337742599999999 8.337742599999999 8.337742599999999 8.337559599999999 8.337497599999999 8.337347 8.3366446 8.3357012 8.3349568 8.3326972 8.3324122 8.3000376 8.3000376 8.3295796 8.310625368;47.08617838693552 47.086154799999996 47.084399600000005 47.0836223 47.0835934 47.083494099999996 47.0837339 47.0837972 47.0820523 47.083958 47.083766600000004 47.0837843 47.0720801 47.0696289 47.059838 47.0507329 47.0452869 47.043887700000006 47.048917100000004 47.049904 47.0506001 47.0528694 47.053539799999996 47.0536446 47.0537035 47.0537235 47.053725 47.0537277 47.0537277 47.0537277 47.0537277 47.0537639 47.053777200000006 47.053806099999996 47.053929100000005 47.0540935 47.0542258 47.0546598 47.0547105 47.0465741 47.0465741 47.0551849 47.048145101555555
16;14;8.310625368 8.3105122 8.3104749 7.9421211 7.4224215 7.4224128 8.5612867 7.9394167 8.561290199999998 8.561290199999998 7.942122599999999 7.942122599999999 7.4224128 7.9421315 7.4224128 7.4443042 7.4224128 7.4224128 7.4360618 7.4317817999999995 7.4302856 7.4300512095896085;47.048145101555555 47.0483301 47.048417 47.2889026 46.9515393 46.9515485 47.451712799999996 47.2889864 47.4517207 47.4517207 47.288903999999995 47.288903999999995 46.9515485 47.2888937 46.9515485 46.9542434 46.9515485 46.9515485 46.9501022 46.9536805 46.9538219 46.953853167273486
14;14;7.4300512095896085 7.4300256 7.428900099999999 7.4300512095896085;46.953853167273486 46.9534843 46.954330999999996 46.953853167273486
14;14;7.4300512095896085 7.4300372999999995 7.430391999999999 7.4303281000000005 7.4300512095896085;46.953853167273486 46.95411729999999 46.9530136 46.9540429 46.953853167273486
14;14;7.4300512095896085 7.4301323 7.4299693 7.4300512095896085;46.953853167273486 46.9537669 46.9542133 46.953853167273486
14;14;7.4300512095896085 7.4303143 7.4300512095896085;46.953853167273486 46.9540003 46.953853167273486
14;14;7.4300512095896085 7.4300512095896085;46.953853167273486 46.953853167273486
14;16;7.4300512095896085 7.432945599999999 7.435981599999999 7.4362387000000005 7.436333800000001 7.436240799999999 7.4364129 7.4484837 7.467567900000001 7.850834700000001 7.847326700000001 7.8753494 7.9282202 8.0829071 8.100236200000001 8.0972866 8.0987685 8.1140875 8.2430601 8.2430601 8.2743828 8.2828261 8.2828261 8.3100847 8.3101219 8.3100682 8.310625368;46.953853167273486 46.952946000000004 46.95051420000001 46.94984470000001 46.9484274 46.948527399999996 46.9487149 46.9603787 46.9728662 47.289577 47.310719 47.3051017 47.30390379999999 47.1791248 47.1699249 47.1713764 47.1696239 47.155837700000006 47.0980506 47.0980506 47.0863233 47.070691499999995 47.070691499999995 47.045962599999996 47.048887 47.0502685 47.048145101555555
16;1;8.310625368 8.308647200000001 8.337808500000001 8.3707547 8.3773652 8.3773652 8.432240199999999 8.432833300000002 8.4330536 8.433210699999998 8.433282400000001 8.433038400000001 8.4330145 8.4331793 8.4334016 8.4336102 8.4335614 8.4346164083627;47.048145101555555 47.0436332 47.054452600000005 47.0453052 47.046977000000005 47.046977000000005 47.0822473 47.0833503 47.0835924 47.08364520000001 47.083637700000004 47.0834604 47.0835363 47.083686799999995 47.0838829 47.0840659 47.0848569 47.08617838693552
1;1;8.4346164083627 8.4387574 8.4432827 8.4515219 8.429055 8.3968608 8.3614285 8.3597418 8.3594673 8.358284 8.358274900000001 8.359222 8.359446 8.359891099999999 8.3523161 8.3992485 8.3968608 8.3461296 8.3167249 8.2996823 8.289235000000001 8.2967101 8.2953231 8.297630999999999 8.2975166 8.297578 8.2969714 8.296471799999999 8.2938391 8.432974900000001 8.45016 8.4357213 8.445561999999999 8.4508071 8.4382226 8.3995836 8.402270199999998 8.425755 8.4346164083627;47.08617838693552 47.087148799999994 47.088546 47.0996862 47.149485600000006 47.1285521 47.094162299999994 47.0936977 47.093788399999994 47.0934271 47.0934355 47.0936317 47.093770899999996 47.093781400000005 47.0999449 47.128989600000004 47.1285521 47.1218643 47.1001153 47.0764982 47.066082200000004 47.034715000000006 47.02969960000001 47.0293194 47.029354999999995 47.0293409 47.028795 47.0346905 47.0371577 47.1537973 47.0976419 47.0841438 47.0872579 47.10398920000001 47.1164537 47.088201899999994 47.089184 47.0873704 47.08617838693552
1;1;8.4346164083627 8.4346164083627;47.08617838693552 47.08617838693552
1;1;8.4346164083627 8.434827499999999 8.4480606 8.454909800000001 8.4354322 8.4233714 8.3960631 8.3790137 8.3642137 8.3638307 8.3434112 8.338836200000001 8.3392001 8.339174 8.3390979 8.3391017 8.3386724 8.338111900000001 8.3375284 8.3374055 8.3388711 8.3452392 8.360558900000001 8.360558900000001 8.3650417 8.3938959 8.396457400000001 8.417610400000001 8.4264544 8.4403492 8.4374586 8.450526199999999 8.4346164083627;47.08617838693552 47.0846145 47.092958 47.1024975 47.1569903 47.1741075 47.1888227 47.1966295 47.21330089999999 47.2373732 47.270689399999995 47.27329279999999 47.2729967 47.2734992 47.2732198 47.2731943 47.273354499999996 47.2734433 47.2735172 47.2733505 47.2733581 47.26876420000001 47.2429443 47.2429443 47.2145363 47.1918446 47.1865664 47.1883815 47.1721138 47.1602761 47.147330600000004 47.100341799999995 47.08617838693552
1;1;8.4346164083627 8.4346164083627;47.08617838693552 47.08617838693552
1;1;8.4346164083627 8.4350999 8.4353618 8.4355629 8.4357101 8.4359675 8.4362429 8.4364386 8.4366421 8.4368443 8.437012300000001 8.4372657 8.4373278 8.437294999999999 8.437282000000002 8.437280900000001 8.437359599999999 8.4376198 8.437701400000002 8.4382603 8.4387105 8.4408808 8.4378723 8.4406407 8.4406407 8.420811599999999 8.4402724 8.420811599999999 8.446443499999999 8.4341363 8.4339961 8.4346164083627;47.08617838693552 47.0862364 47.086378499999995 47.08656129999999 47.086740899999995 47.086917299999996 47.087078000000005 47.087208200000006 47.087359 47.0875364 47.087683399999996 47.0878533 47.08807279999999 47.088266499999996 47.088471399999996 47.088680700000005 47.0888907 47.0888614 47.0886937 47.090053399999995 47.091945700000004 47.0980046 47.0976671 47.1023307 47.1023307 47.0887814 47.102358 47.0887814 47.0914822 47.0882874 47.0877783 47.08617838693552
1;1;8.4346164083627 8.434265400000001 8.434109699999999 8.4341861 8.4341861 8.4372435 8.4372435 8.4405873 8.4387105 8.4384212 8.4381019 8.4377049 8.4370202 8.4387574 8.4346164083627;47.08617838693552 47.0875616 47.0885009 47.0900149 47.0900149 47.0890471 47.0890471 47.09196 47.091945700000004 47.0913633 47.0895969 47.0887544 47.0879571 47.087148799999994 47.08617838693552
