origin;destination;count;waypointsLong;waypointsLat
1;2;1;8.507412548555335 8.499350999999999 8.501876699999999 8.5261893 8.5375829 8.538854370833334;47.40839137110055 47.4021919 47.401241600000006 47.3884151 47.3803268 47.38246841666667
2;2;1;8.538854370833334 8.538854370833334;47.38246841666667 47.38246841666667
2;3;1;8.538854370833334 8.541224699999999 8.5434129 8.544162 8.5436311 8.538804800000001 8.5383595 8.5335991 8.535155900000001 8.520901199999999 8.5114523 8.5041419 8.5025875 8.499841443064994;47.38246841666667 47.3821239 47.3805803 47.3800105 47.3824521 47.392405600000004 47.392321200000005 47.39817539999999 47.4021149 47.4136204 47.4164183 47.419954700000005 47.4209653 47.421013358780385
3;1;1;8.499841443064994 8.4987919 8.4965524 8.501877499999999 8.507412548555335;47.421013358780385 47.4202646 47.4178171 47.4086876 47.40839137110055
1;1;1;8.507412548555335 8.507412548555335;47.40839137110055 47.40839137110055
1;3;1;8.507412548555335 8.5066634 8.499841443064994;47.40839137110055 47.407849600000006 47.421013358780385
3;1;1;8.499841443064994 8.497367599999999 8.4960809 8.5012246 8.507055099999999 8.507412548555335;47.421013358780385 47.418508700000004 47.41740720000001 47.408916999999995 47.4082593 47.40839137110055
1;1;1;8.507412548555335 8.507412548555335;47.40839137110055 47.40839137110055
1;3;1;8.507412548555335 8.5106781 8.509053399999999 8.5086929 8.499841443064994;47.40839137110055 47.406808000000005 47.407311799999995 47.409686900000004 47.421013358780385
3;3;1;8.499841443064994 8.507810800000001 8.505066099999999 8.499841443064994;47.421013358780385 47.4196769 47.420553999999996 47.421013358780385
3;3;1;8.499841443064994 8.5022556 8.499841443064994;47.421013358780385 47.4208992 47.421013358780385
4;2;1;8.546461364285715 8.5465908 8.5445082 8.538854370833334;47.37660243333333 47.3760269 47.3791228 47.38246841666667
2;3;1;8.538854370833334 8.5418204 8.540593099999999 8.539808500000001 8.5334196 8.524518800000001 8.5131971 8.5044633 8.499841443064994;47.38246841666667 47.3820605 47.3838928 47.385320799999995 47.398031599999996 47.4120576 47.415678899999996 47.4198398 47.421013358780385
3;3;1;8.499841443064994 8.499841443064994;47.421013358780385 47.421013358780385
3;3;1;8.499841443064994 8.4994668 8.5023395 8.500992 8.499841443064994;47.421013358780385 47.4216645 47.420854999999996 47.42111679999999 47.421013358780385
3;3;1;8.499841443064994 8.5052085 8.5070021 8.499841443064994;47.421013358780385 47.4194922 47.4202349 47.421013358780385
3;3;1;8.499841443064994 8.498422900000001 8.5023495 8.499841443064994;47.421013358780385 47.4209796 47.4208842 47.421013358780385
3;3;1;8.499841443064994 8.499841443064994;47.421013358780385 47.421013358780385
5;6;1;8.45618101496828 8.4647898303125;47.39906608068079 47.3926001303125
6;5;1;8.4647898303125 8.4652659 8.4608899 8.45618101496828;47.3926001303125 47.3954781 47.398453100000005 47.39906608068079
5;3;1;8.45618101496828 8.448106 8.448031 8.4482105 8.4612063 8.479905800000001 8.4835055 8.499841443064994;47.39906608068079 47.3970446 47.4020736 47.4094717 47.4096151 47.405162700000005 47.414156 47.421013358780385
3;1;1;8.499841443064994 8.4989246 8.49718 8.4955373 8.5003039 8.5069418 8.507412548555335;47.421013358780385 47.4199339 47.41833870000001 47.415696999999994 47.4092032 47.4076395 47.40839137110055
1;1;1;8.507412548555335 8.507412548555335;47.40839137110055 47.40839137110055
1;1;1;8.507412548555335 8.507412548555335;47.40839137110055 47.40839137110055
1;1;1;8.507412548555335 8.507412548555335;47.40839137110055 47.40839137110055
1;1;1;8.507412548555335 8.507412548555335;47.40839137110055 47.40839137110055
1;3;1;8.507412548555335 8.509089 8.5072394 8.503600099999998 8.4983388 8.499841443064994;47.40839137110055 47.4072805 47.4080003 47.4091129 47.4188552 47.421013358780385
3;3;1;8.499841443064994 8.5005795 8.499841443064994;47.421013358780385 47.4211088 47.421013358780385
3;3;1;8.499841443064994 8.499841443064994;47.421013358780385 47.421013358780385
3;1;1;8.499841443064994 8.4974454 8.5011982 8.5067496 8.507412548555335;47.421013358780385 47.418657399999994 47.408971799999996 47.4076273 47.40839137110055
1;1;1;8.507412548555335 8.507412548555335;47.40839137110055 47.40839137110055
1;3;1;8.507412548555335 8.506236999999999 8.5021891 8.499841443064994;47.40839137110055 47.4132634 47.4195779 47.421013358780385
3;8;1;8.499841443064994 8.5001465 8.426651912499999;47.421013358780385 47.4223929 47.3804596775
8;3;1;8.426651912499999 8.418936500000001 8.4210411 8.502338 8.499841443064994;47.3804596775 47.3895889 47.3995088 47.4208976 47.421013358780385
3;1;1;8.499841443064994 8.4972005 8.5052228 8.507412548555335;47.421013358780385 47.4185402 47.408393 47.40839137110055
1;1;1;8.507412548555335 8.507412548555335;47.40839137110055 47.40839137110055
1;1;1;8.507412548555335 8.507412548555335;47.40839137110055 47.40839137110055
1;1;1;8.507412548555335 8.5084739 8.507412548555335;47.40839137110055 47.4078239 47.40839137110055
1;3;1;8.507412548555335 8.5078358 8.509735699999998 8.5064914 8.498675 8.499841443064994;47.40839137110055 47.408262799999996 47.4135396 47.419196 47.4210458 47.421013358780385
3;1;1;8.499841443064994 8.5019692 8.5058266 8.505413 8.502734199999999 8.5050298 8.507412548555335;47.421013358780385 47.42099210000001 47.4192842 47.417890299999996 47.412420000000004 47.4106723 47.40839137110055
1;1;1;8.507412548555335 8.507412548555335;47.40839137110055 47.40839137110055
1;1;1;8.507412548555335 8.507412548555335;47.40839137110055 47.40839137110055
1;3;1;8.507412548555335 8.507613300000001 8.506669 8.507691099999999 8.506669 8.499841443064994;47.40839137110055 47.41081629999999 47.4161903 47.4197359 47.4161903 47.421013358780385
3;3;1;8.499841443064994 8.5065901 8.500608999999999 8.499841443064994;47.421013358780385 47.419586100000004 47.4211011 47.421013358780385
3;3;1;8.499841443064994 8.5027347 8.5028276 8.527431800000002 8.5660931 8.5702955 8.570482199999999 8.5742679 8.5913184 8.617090600000001 8.6338034 8.6502727 8.6718722 8.6783087 8.699242100000001 8.721192199999999 8.7298921 8.722621400000001 8.683657499999999 8.654914 8.492238699999998 8.499841443064994;47.421013358780385 47.4205779 47.4205174 47.433587599999996 47.4247071 47.44713 47.4378034 47.414212799999994 47.4075537 47.41035720000001 47.412366600000006 47.4022851 47.394735299999994 47.3850247 47.3735936 47.3636528 47.359891 47.352443900000004 47.382264899999996 47.399232299999994 47.4269856 47.421013358780385
3;5;1;8.499841443064994 8.4984609 8.496918199999998 8.4949962 8.4829172 8.4589745 8.4611046 8.45618101496828;47.421013358780385 47.4209841 47.418212700000005 47.413284000000004 47.4176833 47.405322999999996 47.398612799999995 47.39906608068079
3;3;1;8.499841443064994 8.500485000000001 8.500956 8.498895599999999 8.4998854 8.4982944 8.498411599999999 8.499841443064994;47.421013358780385 47.421188799999996 47.4217349 47.423028 47.4222646 47.4207694 47.4209739 47.421013358780385
3;1;1;8.499841443064994 8.4991509 8.497011800000001 8.507412548555335;47.421013358780385 47.4196606 47.4183776 47.40839137110055
1;1;1;8.507412548555335 8.507412548555335;47.40839137110055 47.40839137110055
1;1;1;8.507412548555335 8.507412548555335;47.40839137110055 47.40839137110055
1;3;1;8.507412548555335 8.5109508 8.5088596 8.5070439 8.499841443064994;47.40839137110055 47.4068697 47.4074376 47.4161948 47.421013358780385
3;3;1;8.499841443064994 8.499841443064994;47.421013358780385 47.421013358780385
3;5;1;8.499841443064994 8.500434 8.4829287 8.4585254 8.4619609 8.45618101496828;47.421013358780385 47.4186848 47.4170547 47.4039779 47.4011872 47.39906608068079
5;6;1;8.45618101496828 8.4585488 8.465144 8.4647898303125;47.39906608068079 47.3993072 47.394489899999996 47.3926001303125
6;10;1;8.4647898303125 8.4691445 8.4940981 8.4876349 8.4980264 8.4989515 8.496100969999999;47.3926001303125 47.389207299999995 47.396171200000005 47.4023752 47.4019956 47.4020844 47.40243909
10;3;1;8.496100969999999 8.493801 8.499841443064994;47.40243909 47.4049106 47.421013358780385
3;1;1;8.499841443064994 8.498456599999999 8.506186999999999 8.5063912 8.509656699999999 8.5068505 8.507776400000001 8.507412548555335;47.421013358780385 47.420957200000004 47.4192458 47.4179089 47.412011799999995 47.4080369 47.409109 47.40839137110055
1;1;1;8.507412548555335 8.507093 8.507412548555335;47.40839137110055 47.4084648 47.40839137110055
1;1;1;8.507412548555335 8.507412548555335;47.40839137110055 47.40839137110055
1;1;1;8.507412548555335 8.507412548555335;47.40839137110055 47.40839137110055
1;1;1;8.507412548555335 8.5077309 8.507412548555335;47.40839137110055 47.4091176 47.40839137110055
3;1;1;8.499841443064994 8.499885 8.5050445 8.5106509 8.519095 8.5198259 8.507412548555335;47.421013358780385 47.4214211 47.4195458 47.416797499999994 47.4141184 47.414744299999995 47.40839137110055
1;1;1;8.507412548555335 8.507641099999999 8.507412548555335;47.40839137110055 47.4091081 47.40839137110055
1;1;1;8.507412548555335 8.507412548555335;47.40839137110055 47.40839137110055
1;1;1;8.507412548555335 8.507412548555335;47.40839137110055 47.40839137110055
1;1;1;8.507412548555335 8.5086989 8.507412548555335;47.40839137110055 47.40972 47.40839137110055
1;1;1;8.507412548555335 8.5085189 8.507412548555335;47.40839137110055 47.407983 47.40839137110055
1;3;1;8.507412548555335 8.5082769 8.508125699999999 8.508839100000001 8.5077261 8.506024499999999 8.5006296 8.499841443064994;47.40839137110055 47.4080709 47.408852200000005 47.4116307 47.415727200000006 47.4193467 47.421375 47.421013358780385
3;3;1;8.499841443064994 8.5074431 8.516077000000001 8.545309 8.5453759 8.5445771 8.5396442 8.499841443064994;47.421013358780385 47.4210343 47.4149705 47.413819200000006 47.4124217 47.4125006 47.413506299999995 47.421013358780385
3;5;1;8.499841443064994 8.4977252 8.4953644 8.483033 8.4706363 8.4617766 8.456547 8.4561769 8.4561785 8.45618101496828;47.421013358780385 47.4188079 47.41628 47.4171971 47.4126456 47.3995603 47.3989164 47.398893799999996 47.399009 47.39906608068079
5;10;1;8.45618101496828 8.4561511 8.4588943 8.4683249 8.4865103 8.4945921 8.496100969999999;47.39906608068079 47.3990279 47.399347 47.3995755 47.397041200000004 47.4000781 47.40243909
10;3;1;8.496100969999999 8.4971211 8.498892199999998 8.5004432 8.5028437 8.5017674 8.499841443064994;47.40243909 47.403661799999995 47.40305120000001 47.4041529 47.405427 47.40886810000001 47.421013358780385
3;1;1;8.499841443064994 8.4977737 8.4964924 8.5023314 8.507412548555335;47.421013358780385 47.4188061 47.4179153 47.408525399999995 47.40839137110055
1;1;1;8.507412548555335 8.507412548555335;47.40839137110055 47.40839137110055
1;1;1;8.507412548555335 8.507412548555335;47.40839137110055 47.40839137110055
1;1;1;8.507412548555335 8.506270599999999 8.507412548555335;47.40839137110055 47.408514000000004 47.40839137110055
1;3;1;8.507412548555335 8.5046757 8.495787400000001 8.499841443064994;47.40839137110055 47.408720200000005 47.413349600000004 47.421013358780385
3;11;1;8.499841443064994 8.500071400000001 8.4830516 8.4184353 8.4446063 8.4511324 8.451103199999999 8.434878688690477;47.421013358780385 47.4222222 47.4242595 47.3952641 47.2559149 47.1224301 47.1018989 47.08599443785714
12;16;1;8.460571 8.4569371 8.456189199999999 8.460631 8.4619949 8.4397747 8.4258699 8.4260563 8.428668193548386;47.39831194 47.3987862 47.3990771 47.3982102 47.4011872 47.4022931 47.39480379999999 47.3940668 47.392576483064516
5;6;1;8.45618101496828 8.4647898303125;47.39906608068079 47.3926001303125
6;5;1;8.4647898303125 8.4654178 8.45618101496828;47.3926001303125 47.39581939999999 47.39906608068079
7;3;1;8.447412743333334 8.4558561 8.448184 8.4484285 8.448055199999999 8.447737 8.4477896 8.4492448 8.4551716 8.468814199999999 8.481219 8.498556800000001 8.499841443064994;47.398479249999994 47.3990661 47.3973147 47.4009237 47.4018089 47.407872499999996 47.408974900000004 47.4105354 47.411699 47.4070637 47.4062739 47.4209875 47.421013358780385
3;1;1;8.499841443064994 8.4967735 8.495374 8.5017104 8.507292800000002 8.507412548555335;47.421013358780385 47.4186506 47.4137593 47.408663 47.4076299 47.40839137110055
1;1;1;8.507412548555335 8.5070844 8.507263 8.5073025 8.507412548555335;47.40839137110055 47.408445799999996 47.4081114 47.4087386 47.40839137110055
1;3;1;8.507412548555335 8.5057398 8.4988843 8.499841443064994;47.40839137110055 47.408244700000004 47.420067100000004 47.421013358780385
3;7;1;8.499841443064994 8.4897668 8.4440689 8.447412743333334;47.421013358780385 47.426276200000004 47.4158156 47.398479249999994
7;8;1;8.447412743333334 8.439344300000002 8.437833 8.445704 8.4303468 8.426651912499999;47.398479249999994 47.3966078 47.3959638 47.39830560000001 47.39290220000001 47.3804596775
8;3;1;8.426651912499999 8.4261732 8.4204258 8.499841443064994;47.3804596775 47.3829777 47.397766299999994 47.421013358780385
3;1;1;8.499841443064994 8.507537 8.4987668 8.4985479 8.4973038 8.495632 8.501750900000001 8.5073059 8.5077168 8.507412548555335;47.421013358780385 47.419377399999995 47.4210505 47.419951399999995 47.4185299 47.4139165 47.4087848 47.4076914 47.409116 47.40839137110055
1;1;1;8.507412548555335 8.507412548555335;47.40839137110055 47.40839137110055
1;1;1;8.507412548555335 8.507412548555335;47.40839137110055 47.40839137110055
1;1;1;8.507412548555335 8.5082189 8.507412548555335;47.40839137110055 47.407629 47.40839137110055
1;1;1;8.507412548555335 8.507412548555335;47.40839137110055 47.40839137110055
1;3;1;8.507412548555335 8.5048984 8.4960421 8.499841443064994;47.40839137110055 47.408623999999996 47.4138541 47.421013358780385
3;3;1;8.499841443064994 8.5008526 8.499841443064994;47.421013358780385 47.421137200000004 47.421013358780385
3;3;1;8.499841443064994 8.499841443064994;47.421013358780385 47.421013358780385
3;3;1;8.499841443064994 8.504827800000001 8.5011662 8.499841443064994;47.421013358780385 47.420604600000004 47.421091600000004 47.421013358780385
3;3;1;8.499841443064994 8.4990581 8.496433 8.5025828 8.5042845 8.4987769 8.499841443064994;47.421013358780385 47.4192404 47.417841700000004 47.4086018 47.4089174 47.4200485 47.421013358780385
3;14;1;8.499841443064994 8.507097300000002 8.54506082;47.421013358780385 47.4203398 47.41801848
14;15;1;8.54506082 8.537378544736843;47.41801848 47.37735474736843
15;3;1;8.537378544736843 8.5396888 8.526094 8.510577099999999 8.537786599999999 8.5490555 8.499841443064994;47.37735474736843 47.3780765 47.3825135 47.3879207 47.4073257 47.4155067 47.421013358780385
3;3;1;8.499841443064994 8.505680499999999 8.499841443064994;47.421013358780385 47.420394099999996 47.421013358780385
3;3;1;8.499841443064994 8.499841443064994;47.421013358780385 47.421013358780385
15;15;1;8.537378544736843 8.537378544736843;47.37735474736843 47.37735474736843
3;1;1;8.499841443064994 8.501615199999998 8.5035459 8.5033851 8.5048719 8.507412548555335;47.421013358780385 47.4199205 47.41866029999999 47.4168761 47.410753299999996 47.40839137110055
1;3;1;8.507412548555335 8.5021501 8.496525300000002 8.498360400000001 8.499841443064994;47.40839137110055 47.4130528 47.417669000000004 47.4190238 47.421013358780385
3;12;1;8.499841443064994 8.4946331 8.482920300000002 8.4585942 8.4611682 8.460571;47.421013358780385 47.412223100000006 47.415934899999996 47.4040118 47.3986349 47.39831194
12;3;1;8.460571 8.4611028 8.458180300000002 8.4614819 8.4653787 8.4682264 8.4725044 8.4801912 8.4831814 8.4910711 8.4970955 8.499841443064994;47.39831194 47.398393 47.402187100000006 47.408771200000004 47.4104152 47.4121294 47.4128584 47.414499 47.4164465 47.411368100000004 47.4181843 47.421013358780385
3;3;1;8.499841443064994 8.499841443064994;47.421013358780385 47.421013358780385
3;3;1;8.499841443064994 8.499841443064994;47.421013358780385 47.421013358780385
3;1;1;8.499841443064994 8.497574199999999 8.4961156 8.498076300000001 8.507412548555335;47.421013358780385 47.4187294 47.4178297 47.410760499999995 47.40839137110055
1;1;1;8.507412548555335 8.507412548555335;47.40839137110055 47.40839137110055
1;1;1;8.507412548555335 8.507412548555335;47.40839137110055 47.40839137110055
1;3;1;8.507412548555335 8.504780300000002 8.499841443064994;47.40839137110055 47.4086902 47.421013358780385
3;3;1;8.499841443064994 8.499841443064994;47.421013358780385 47.421013358780385
3;3;1;8.499841443064994 8.499841443064994;47.421013358780385 47.421013358780385
3;3;1;8.499841443064994 8.498815400000002 8.499841443064994;47.421013358780385 47.4230665 47.421013358780385
3;3;1;8.499841443064994 8.499841443064994;47.421013358780385 47.421013358780385
3;5;1;8.499841443064994 8.4974684 8.4702586 8.461794300000001 8.45618101496828;47.421013358780385 47.4187236 47.412687 47.399576700000004 47.39906608068079
5;3;1;8.45618101496828 8.499841443064994;47.39906608068079 47.421013358780385
3;1;1;8.499841443064994 8.5032969 8.503464300000001 8.5045026 8.507412548555335;47.421013358780385 47.4188098 47.4168844 47.410942600000006 47.40839137110055
1;1;1;8.507412548555335 8.5070886 8.507412548555335;47.40839137110055 47.4084511 47.40839137110055
3;8;1;8.499841443064994 8.4891995 8.4191856 8.426651912499999;47.421013358780385 47.4261506 47.3894105 47.3804596775
8;3;1;8.426651912499999 8.499841443064994;47.3804596775 47.421013358780385
3;1;1;8.499841443064994 8.498492800000001 8.4990163 8.504138000000001 8.507412548555335;47.421013358780385 47.4209495 47.4193514 47.408813200000004 47.40839137110055
1;1;1;8.507412548555335 8.507412548555335;47.40839137110055 47.40839137110055
1;1;1;8.507412548555335 8.507412548555335;47.40839137110055 47.40839137110055
1;1;1;8.507412548555335 8.507412548555335;47.40839137110055 47.40839137110055
1;1;1;8.507412548555335 8.507412548555335;47.40839137110055 47.40839137110055
1;1;1;8.507412548555335 8.507412548555335;47.40839137110055 47.40839137110055
1;1;1;8.507412548555335 8.507412548555335;47.40839137110055 47.40839137110055
1;3;1;8.507412548555335 8.5088953 8.499841443064994;47.40839137110055 47.4073174 47.421013358780385
3;3;1;8.499841443064994 8.499841443064994;47.421013358780385 47.421013358780385
3;3;1;8.499841443064994 8.525861599999999 8.531095800000001 8.534142 8.5069182 8.499841443064994;47.421013358780385 47.38860570000001 47.397176 47.4040694 47.4190088 47.421013358780385
3;12;1;8.499841443064994 8.4732029 8.479273599999999 8.4782814 8.4478371 8.460571;47.421013358780385 47.4250531 47.415403600000005 47.4054119 47.403804 47.39831194
12;6;1;8.460571 8.4647898303125;47.39831194 47.3926001303125
6;3;1;8.4647898303125 8.462017699999999 8.452189 8.48122 8.4816066 8.469492 8.499841443064994;47.3926001303125 47.399891700000005 47.41224329999999 47.405491600000005 47.413431 47.4289799 47.421013358780385
3;3;1;8.499841443064994 8.499841443064994;47.421013358780385 47.421013358780385
3;5;1;8.499841443064994 8.497070800000001 8.4954216 8.4832299 8.4627659 8.456677699999998 8.45905 8.4562131 8.45618101496828;47.421013358780385 47.418312 47.413816499999996 47.416656700000004 47.409354 47.4017999 47.3992955 47.398977200000004 47.39906608068079
5;9;1;8.45618101496828 8.4561394 8.4618748 8.459795100000001 8.463437778571429;47.39906608068079 47.3990078 47.4013689 47.4076791 47.409025553571425
9;3;1;8.463437778571429 8.465042 8.466538400000001 8.4679424 8.4727117 8.481464599999999 8.4930044 8.498471 8.499841443064994;47.409025553571425 47.410206099999996 47.411846000000004 47.4120728 47.4129375 47.4148445 47.41307379999999 47.420905 47.421013358780385
3;1;1;8.499841443064994 8.4969565 8.495202800000001 8.5068372 8.507412548555335;47.421013358780385 47.4183559 47.413187 47.407523499999996 47.40839137110055
1;1;1;8.507412548555335 8.507412548555335;47.40839137110055 47.40839137110055
1;1;1;8.507412548555335 8.508550300000001 8.510138099999999 8.508662 8.5060992 8.5066288 8.507412548555335;47.40839137110055 47.4076824 47.407315000000004 47.4077389 47.4077166 47.408466499999996 47.40839137110055
1;1;1;8.507412548555335 8.5069175 8.507665300000001 8.507412548555335;47.40839137110055 47.4083999 47.4091912 47.40839137110055
1;1;1;8.507412548555335 8.507412548555335;47.40839137110055 47.40839137110055
1;1;1;8.507412548555335 8.507412548555335;47.40839137110055 47.40839137110055
1;1;1;8.507412548555335 8.507412548555335;47.40839137110055 47.40839137110055
1;3;1;8.507412548555335 8.5028383 8.499841443064994;47.40839137110055 47.409053 47.421013358780385
1;1;1;8.507412548555335 8.5070114 8.505557699999999 8.5043963 8.5072771 8.5101254 8.5090989 8.507412548555335;47.40839137110055 47.4079888 47.407519 47.4081915 47.408137700000005 47.4083096 47.4079919 47.40839137110055
1;3;1;8.507412548555335 8.5067769 8.499255400000001 8.499841443064994;47.40839137110055 47.407650200000006 47.4097885 47.421013358780385
3;1;1;8.499841443064994 8.49975 8.5023966 8.5041292 8.504930499999999 8.507412548555335;47.421013358780385 47.4204453 47.4192838 47.4179804 47.4105721 47.40839137110055
3;1;1;8.499841443064994 8.496812599999998 8.502423599999998 8.507412548555335;47.421013358780385 47.418114700000004 47.4086109 47.40839137110055
1;1;1;8.507412548555335 8.507412548555335;47.40839137110055 47.40839137110055
15;1;1;8.537378544736843 8.5384441 8.539780300000002 8.5406638 8.542048199999998 8.539183999999999 8.533256199999999 8.510159199999999 8.507412548555335;47.37735474736843 47.3776602 47.3780391 47.3777542 47.3784974 47.3930964 47.398939500000004 47.399957799999996 47.40839137110055
1;1;1;8.507412548555335 8.507412548555335;47.40839137110055 47.40839137110055
1;3;1;8.507412548555335 8.5074625 8.5083755 8.506808900000001 8.499841443064994;47.40839137110055 47.4076801 47.4091795 47.416398799999996 47.421013358780385
3;3;1;8.499841443064994 8.499542800000002 8.499841443064994;47.421013358780385 47.4214865 47.421013358780385
3;11;1;8.499841443064994 8.5001394 8.419282699999998 8.448782099999999 8.470946099999999 8.4324553 8.4517116 8.4469096 8.434878688690477;47.421013358780385 47.421287 47.3962492 47.2513737 47.212173799999995 47.1643415 47.1091066 47.090973999999996 47.08599443785714
11;11;1;8.434878688690477 8.436044699999998 8.434878688690477;47.08599443785714 47.083811600000004 47.08599443785714
6;5;1;8.4647898303125 8.4645631 8.4606101 8.4562149 8.45618101496828;47.3926001303125 47.392514299999995 47.3977966 47.398996999999994 47.39906608068079
3;1;1;8.499841443064994 8.498837400000001 8.4962659 8.507412548555335;47.421013358780385 47.4201014 47.4177984 47.40839137110055
1;10;1;8.507412548555335 8.504604800000001 8.4985408 8.496100969999999;47.40839137110055 47.405064700000004 47.402086499999996 47.40243909
10;1;1;8.496100969999999 8.497686999999999 8.503601 8.5076913 8.507412548555335;47.40243909 47.402012899999995 47.4043439 47.409158000000005 47.40839137110055
1;1;1;8.507412548555335 8.507412548555335;47.40839137110055 47.40839137110055
1;1;1;8.507412548555335 8.5085852 8.507412548555335;47.40839137110055 47.407823799999996 47.40839137110055
1;1;1;8.507412548555335 8.507412548555335;47.40839137110055 47.40839137110055
1;5;1;8.507412548555335 8.4985465 8.4985266 8.498498199999998 8.498600900000001 8.4986442 8.4978614 8.497104199999999 8.495918 8.495852099999999 8.493414300000001 8.4885872 8.4869084 8.483016000000001 8.4803594 8.472748800000002 8.4654631 8.4603732 8.458392100000001 8.4583307 8.462372 8.458131800000002 8.4563095 8.45618101496828;47.40839137110055 47.420876 47.4209641 47.4209376 47.4211706 47.420177 47.4189962 47.418279 47.417413399999994 47.41484439999999 47.4130374 47.4124475 47.4157701 47.4173671 47.41457 47.412929299999995 47.4104369 47.4082901 47.4037026 47.401764799999995 47.4004277 47.399130299999996 47.3989043 47.39906608068079
5;16;1;8.45618101496828 8.456474400000001 8.454899900000001 8.4489754 8.4422779 8.439353599999999 8.434745199999998 8.428668193548386;47.39906608068079 47.399648299999996 47.398807 47.397901399999995 47.397197 47.3965945 47.3955068 47.392576483064516
5;9;1;8.45618101496828 8.456335099999999 8.4567718 8.461402699999999 8.4619966 8.4566281 8.4595871 8.461175 8.463437778571429;47.39906608068079 47.3988789 47.3989086 47.398534600000005 47.4012884 47.4024275 47.4065527 47.408767600000004 47.409025553571425
9;3;1;8.463437778571429 8.4636475 8.4660183 8.466604199999999 8.4676398 8.468819300000002 8.4716607 8.474669300000002 8.4776691 8.4798808 8.482030300000002 8.4831855 8.483394800000001 8.4782456 8.4787362 8.4836941 8.488752400000001 8.4944514 8.4988137 8.4986882 8.4984766 8.4985063 8.4984796 8.4984263 8.498460099999999 8.498477900000001 8.499841443064994;47.409025553571425 47.4096675 47.4110283 47.4119097 47.4120806 47.4122876 47.4127539 47.413139 47.413670700000004 47.4143757 47.415743400000004 47.41756229999999 47.4198295 47.42311420000001 47.42601320000001 47.4248523 47.4236641 47.4228321 47.421884399999996 47.420963 47.4209271 47.4209521 47.4209 47.4208604 47.420908000000004 47.420955799999994 47.421013358780385
3;3;1;8.499841443064994 8.499841443064994;47.421013358780385 47.421013358780385
3;1;1;8.499841443064994 8.499145 8.4963604 8.495181500000001 8.502170399999999 8.5071188 8.507412548555335;47.421013358780385 47.41935720000001 47.417662 47.4131425 47.4084788 47.4077597 47.40839137110055
1;1;1;8.507412548555335 8.507412548555335;47.40839137110055 47.40839137110055
1;1;1;8.507412548555335 8.5066511 8.5066359 8.50652 8.507412548555335;47.40839137110055 47.4085479 47.4085573 47.408523100000004 47.40839137110055
1;1;1;8.507412548555335 8.507412548555335;47.40839137110055 47.40839137110055
1;8;1;8.507412548555335 8.4975906 8.4969204 8.498581399999999 8.4941366 8.4205252 8.426651912499999;47.40839137110055 47.411406799999995 47.4180511 47.421037 47.4255086 47.399608799999996 47.3804596775
8;3;1;8.426651912499999 8.4189251 8.499841443064994;47.3804596775 47.3897314 47.421013358780385
3;3;1;8.499841443064994 8.499841443064994;47.421013358780385 47.421013358780385
3;3;1;8.499841443064994 8.499841443064994;47.421013358780385 47.421013358780385
3;1;1;8.499841443064994 8.5045398 8.506612400000002 8.506668 8.5065038 8.507412548555335;47.421013358780385 47.41972 47.4192482 47.419065100000005 47.40822120000001 47.40839137110055
1;1;1;8.507412548555335 8.507412548555335;47.40839137110055 47.40839137110055
1;1;1;8.507412548555335 8.4976365 8.496784199999999 8.5035647 8.5049186 8.507412548555335;47.40839137110055 47.4188055 47.416839700000004 47.4097365 47.4097229 47.40839137110055
1;1;1;8.507412548555335 8.507412548555335;47.40839137110055 47.40839137110055
1;1;1;8.507412548555335 8.507412548555335;47.40839137110055 47.40839137110055
1;3;1;8.507412548555335 8.5052433 8.5025893 8.5028397 8.503703100000001 8.501729300000001 8.499841443064994;47.40839137110055 47.409842499999996 47.4155539 47.4171943 47.4182821 47.4197529 47.421013358780385
3;16;1;8.499841443064994 8.4972644 8.496941900000001 8.4970422 8.4942053 8.4766838 8.469494000000001 8.4799144 8.477683599999999 8.4567696 8.4481269 8.4348313 8.428668193548386;47.421013358780385 47.4258105 47.4256027 47.4256548 47.4256904 47.4385583 47.42977929999999 47.4153012 47.4052151 47.4112814 47.409117200000004 47.4010429 47.392576483064516
3;3;1;8.499841443064994 8.499841443064994;47.421013358780385 47.421013358780385
3;3;1;8.499841443064994 8.499841443064994;47.421013358780385 47.421013358780385
3;3;1;8.499841443064994 8.502410300000001 8.500810000000001 8.497883199999999 8.4984629 8.496702599999999 8.4942877 8.4953971 8.4985103 8.497228699999999 8.496025 8.499841443064994;47.421013358780385 47.420869200000006 47.4226315 47.4239661 47.4261361 47.4296423 47.430982 47.4278666 47.4263443 47.423812 47.422518 47.421013358780385
3;5;1;8.499841443064994 8.4974503 8.495043800000001 8.4830438 8.4585569 8.4614812 8.4593515 8.45618101496828;47.421013358780385 47.41854420000001 47.4129713 47.417536299999995 47.4040424 47.3989723 47.399239 47.39906608068079
5;9;1;8.45618101496828 8.4585384 8.4570746 8.463437778571429;47.39906608068079 47.3992865 47.4023611 47.409025553571425
9;3;1;8.463437778571429 8.4665117 8.4704134 8.476430699999998 8.481774099999999 8.4957869 8.499841443064994;47.409025553571425 47.4118874 47.41255579999999 47.4133516 47.4157849 47.4136234 47.421013358780385
3;1;1;8.499841443064994 8.505947 8.5050987 8.507412548555335;47.421013358780385 47.4192174 47.40881629999999 47.40839137110055
1;1;1;8.507412548555335 8.5083724 8.507412548555335;47.40839137110055 47.4077088 47.40839137110055
1;1;1;8.507412548555335 8.508795 8.507412548555335;47.40839137110055 47.407839700000004 47.40839137110055
13;13;1;8.39630265 8.395078999999999 8.3958525 8.39630265;47.4062582452381 47.4049804 47.4057083 47.4062582452381
13;13;1;8.39630265 8.39630265;47.4062582452381 47.4062582452381
13;6;1;8.39630265 8.399767800000001 8.406125099999999 8.4279867 8.443888099999999 8.4539121 8.460835699999999 8.4647898303125;47.4062582452381 47.4053488 47.402398100000006 47.3970586 47.3973722 47.3984099 47.3978497 47.3926001303125
6;13;1;8.4647898303125 8.462378 8.4571159 8.4491731 8.4399621 8.426383099999999 8.399415199999998 8.39630265;47.3926001303125 47.3970971 47.3991696 47.397865700000004 47.396542499999995 47.397533700000004 47.3912754 47.4062582452381
13;5;1;8.39630265 8.394707 8.3912751 8.3963901 8.4043164 8.45618101496828;47.4062582452381 47.4051875 47.400693 47.4017494 47.4015077 47.39906608068079
3;1;1;8.499841443064994 8.5034291 8.504780300000002 8.5060184 8.507412548555335;47.421013358780385 47.4186495 47.410749100000004 47.4090419 47.40839137110055
1;1;1;8.507412548555335 8.507571400000002 8.507412548555335;47.40839137110055 47.4075544 47.40839137110055
1;1;1;8.507412548555335 8.506658 8.5074721 8.507412548555335;47.40839137110055 47.4081252 47.4089745 47.40839137110055
17;3;1;8.545237191666667 8.544105300000002 8.5346559 8.5193399 8.506556 8.499841443064994;47.41062463333333 47.4135898 47.4131528 47.4147765 47.4193474 47.421013358780385
3;1;1;8.499841443064994 8.4953044 8.502872199999999 8.507412548555335;47.421013358780385 47.4135904 47.408595500000004 47.40839137110055
1;1;1;8.507412548555335 8.507412548555335;47.40839137110055 47.40839137110055
1;1;1;8.507412548555335 8.505976400000002 8.507412548555335;47.40839137110055 47.407743700000005 47.40839137110055
1;1;1;8.507412548555335 8.507412548555335;47.40839137110055 47.40839137110055
1;3;1;8.507412548555335 8.509856599999999 8.499841443064994;47.40839137110055 47.411936100000005 47.421013358780385
3;15;1;8.499841443064994 8.502075300000001 8.5068759 8.5185284 8.5347017 8.5339055 8.533571499999999 8.5388814 8.5396608 8.542470300000002 8.537378544736843;47.421013358780385 47.4209352 47.4189574 47.4145268 47.401735200000005 47.3980994 47.3980914 47.3914221 47.3854734 47.378729299999996 47.37735474736843
15;15;1;8.537378544736843 8.5384504 8.537378544736843;47.37735474736843 47.3757904 47.37735474736843
15;15;1;8.537378544736843 8.537378544736843;47.37735474736843 47.37735474736843
15;3;1;8.537378544736843 8.499841443064994;47.37735474736843 47.421013358780385
3;3;1;8.499841443064994 8.499841443064994;47.421013358780385 47.421013358780385
3;3;1;8.499841443064994 8.499841443064994;47.421013358780385 47.421013358780385
3;3;1;8.499841443064994 8.4994625 8.5009246 8.502409 8.499841443064994;47.421013358780385 47.421863099999996 47.4217764 47.4208705 47.421013358780385
3;3;1;8.499841443064994 8.499841443064994;47.421013358780385 47.421013358780385
3;3;1;8.499841443064994 8.499841443064994;47.421013358780385 47.421013358780385
3;5;1;8.499841443064994 8.499798599999998 8.4869879 8.482445 8.491724000000001 8.45618101496828;47.421013358780385 47.4223537 47.425420700000004 47.395702299999996 47.390679799999994 47.39906608068079
11;11;1;8.434878688690477 8.434878688690477;47.08599443785714 47.08599443785714
11;11;1;8.434878688690477 8.434878688690477;47.08599443785714 47.08599443785714
11;11;1;8.434878688690477 8.4276877 8.423007400000001 8.423527 8.425813699999999 8.430033900000002 8.431930300000001 8.433251199999999 8.434878688690477;47.08599443785714 47.0857227 47.082599 47.0807273 47.080927200000005 47.0821903 47.0827544 47.0844027 47.08599443785714
11;3;1;8.434878688690477 8.449994 8.4543084 8.433069699999999 8.457821000000001 8.4388036 8.417326 8.499841443064994;47.08599443785714 47.0958201 47.1127859 47.1614691 47.23407279999999 47.2703979 47.3938903 47.421013358780385
3;3;1;8.499841443064994 8.499841443064994;47.421013358780385 47.421013358780385
3;3;1;8.499841443064994 8.499494699999998 8.498948599999999 8.4994054 8.499841443064994;47.421013358780385 47.421523 47.4230152 47.422549200000006 47.421013358780385
3;3;1;8.499841443064994 8.501105599999999 8.499841443064994;47.421013358780385 47.4210967 47.421013358780385
3;15;1;8.499841443064994 8.537378544736843;47.421013358780385 47.37735474736843
15;15;1;8.537378544736843 8.5373742 8.537378544736843;47.37735474736843 47.3754498 47.37735474736843
15;15;1;8.537378544736843 8.537378544736843;47.37735474736843 47.37735474736843
15;15;1;8.537378544736843 8.537378544736843;47.37735474736843 47.37735474736843
15;3;1;8.537378544736843 8.533096 8.5317122 8.5295969 8.5275695 8.5305011 8.533888699999999 8.5345172 8.533121099999999 8.5327577 8.523311 8.510632800000002 8.499841443064994;47.37735474736843 47.3776619 47.378409600000005 47.3797742 47.379768299999995 47.3832488 47.3868624 47.3926766 47.398426 47.4054055 47.4125228 47.41682 47.421013358780385
3;3;1;8.499841443064994 8.499841443064994;47.421013358780385 47.421013358780385
3;2;1;8.499841443064994 8.5111571 8.5224548 8.533039800000001 8.5333036 8.533106 8.535547099999999 8.534253 8.5318185 8.5337841 8.5372026 8.538854370833334;47.421013358780385 47.416560700000005 47.4128864 47.4050576 47.3979082 47.3944968 47.387498 47.386603799999996 47.3847164 47.3860277 47.38452720000001 47.38246841666667
3;3;1;8.499841443064994 8.499841443064994;47.421013358780385 47.421013358780385
3;3;1;8.499841443064994 8.4943594 8.4210245 8.425594199999999 8.4693037 8.450598900000001 8.43721 8.4338109 8.4543563 8.430517800000002 8.4194631 8.4961811 8.499841443064994;47.421013358780385 47.4256149 47.401108 47.2919416 47.2165374 47.1101577 47.085637299999995 47.084333799999996 47.112509700000004 47.2773209 47.3963798 47.424461 47.421013358780385
3;3;1;8.499841443064994 8.5024362 8.499841443064994;47.421013358780385 47.4208753 47.421013358780385
3;3;1;8.499841443064994 8.499841443064994;47.421013358780385 47.421013358780385
3;3;1;8.499841443064994 8.499830000000001 8.499841443064994;47.421013358780385 47.4217222 47.421013358780385
3;1;1;8.499841443064994 8.4995449 8.503721 8.502092300000001 8.507412548555335;47.421013358780385 47.4205289 47.4181764 47.415098799999996 47.40839137110055
1;3;1;8.507412548555335 8.508441 8.5067015 8.5058825 8.5024649 8.499841443064994;47.40839137110055 47.4105126 47.4161585 47.4192245 47.4207322 47.421013358780385
3;1;1;8.499841443064994 8.507412548555335;47.421013358780385 47.40839137110055
1;3;1;8.507412548555335 8.5090263 8.5095375 8.499841443064994;47.40839137110055 47.410416999999995 47.4146013 47.421013358780385
3;3;1;8.499841443064994 8.5076554 8.505348199999998 8.499841443064994;47.421013358780385 47.4197597 47.420415399999996 47.421013358780385
3;3;1;8.499841443064994 8.499841443064994;47.421013358780385 47.421013358780385
6;3;1;8.4647898303125 8.4646571 8.4860571 8.499841443064994;47.3926001303125 47.394957700000006 47.424898999999996 47.421013358780385
3;3;1;8.499841443064994 8.4990059 8.496263 8.499841443064994;47.421013358780385 47.41988129999999 47.4176615 47.421013358780385
3;3;1;8.499841443064994 8.499841443064994;47.421013358780385 47.421013358780385
3;1;1;8.499841443064994 8.502550999999999 8.503231699999999 8.5045493 8.5052128 8.507412548555335;47.421013358780385 47.4192684 47.4174164 47.410868900000004 47.40944520000001 47.40839137110055
1;1;1;8.507412548555335 8.507412548555335;47.40839137110055 47.40839137110055
3;3;1;8.499841443064994 8.499841443064994;47.421013358780385 47.421013358780385
3;3;1;8.499841443064994 8.4998612 8.499841443064994;47.421013358780385 47.422171 47.421013358780385
3;3;1;8.499841443064994 8.5063478 8.499841443064994;47.421013358780385 47.420356899999994 47.421013358780385
3;3;1;8.499841443064994 8.506440699999999 8.503644099999999 8.5010116 8.499841443064994;47.421013358780385 47.4200313 47.4206441 47.4210598 47.421013358780385
3;3;1;8.499841443064994 8.4907009 8.4801448 8.482372 8.4881347 8.4943221 8.4951798 8.498527099999999 8.499841443064994;47.421013358780385 47.42356420000001 47.428053000000006 47.4297908 47.4299914 47.429818700000006 47.4280187 47.42667470000001 47.421013358780385
3;5;1;8.499841443064994 8.447786500000001 8.447686000000001 8.45618101496828;47.421013358780385 47.414088899999996 47.4050288 47.39906608068079
5;11;1;8.45618101496828 8.4653259 8.4298811 8.432248 8.4443868 8.4513383 8.433799 8.434878688690477;47.39906608068079 47.4003191 47.4118963 47.2762446 47.1433101 47.1084343 47.0837408 47.08599443785714
3;3;1;8.499841443064994 8.499841443064994;47.421013358780385 47.421013358780385
3;5;1;8.499841443064994 8.4477525 8.4478394 8.45618101496828;47.421013358780385 47.408702000000005 47.4027527 47.39906608068079
18;18;1;9.156544216666665 9.1547094 9.156544216666665;45.88543507083333 45.8895111 45.88543507083333
18;18;1;9.156544216666665 9.156544216666665;45.88543507083333 45.88543507083333
15;15;1;8.537378544736843 8.535193 8.536940800000002 8.538565 8.53858 8.5368105 8.537378544736843;47.37735474736843 47.378246000000004 47.379318 47.3790752 47.37897720000001 47.3794907 47.37735474736843
15;3;1;8.537378544736843 8.5082837 8.5027944 8.500213 8.4994126 8.5002005 8.499841443064994;47.37735474736843 47.4210253 47.422073600000004 47.42201179999999 47.4229469 47.422203499999995 47.421013358780385
3;12;1;8.499841443064994 8.4975851 8.460571;47.421013358780385 47.423662 47.39831194
3;1;1;8.499841443064994 8.502142300000001 8.504136500000001 8.5038134 8.507412548555335;47.421013358780385 47.4194408 47.418 47.411256200000004 47.40839137110055
1;1;1;8.507412548555335 8.507412548555335;47.40839137110055 47.40839137110055
1;17;1;8.507412548555335 8.5070498 8.5289492 8.540935099999999 8.545237191666667;47.40839137110055 47.40849229999999 47.413678600000004 47.4140036 47.41062463333333
17;3;1;8.545237191666667 8.5445781 8.5433458 8.539573599999999 8.5193222 8.499841443064994;47.41062463333333 47.412433 47.4125262 47.4135294 47.4142929 47.421013358780385
3;3;1;8.499841443064994 8.499841443064994;47.421013358780385 47.421013358780385
3;5;1;8.499841443064994 8.4917612 8.4438038 8.448395300000001 8.45618101496828;47.421013358780385 47.4267665 47.4159364 47.402188200000005 47.39906608068079
5;6;1;8.45618101496828 8.4647898303125;47.39906608068079 47.3926001303125
6;5;1;8.4647898303125 8.465542300000001 8.45618101496828;47.3926001303125 47.3958485 47.39906608068079
5;12;1;8.45618101496828 8.460571;47.39906608068079 47.39831194
5;3;1;8.45618101496828 8.4619579 8.493424599999999 8.4998651 8.5017619 8.499841443064994;47.39906608068079 47.4013948 47.425749200000006 47.4224597 47.421172 47.421013358780385
3;15;1;8.499841443064994 8.500643400000001 8.505285800000001 8.5128469 8.533366800000001 8.5323161 8.5362726 8.5341302 8.537378544736843;47.421013358780385 47.4209162 47.4196838 47.4157158 47.4047998 47.396133 47.3884999 47.3826608 47.37735474736843
20;20;1;6.7814531625 6.7814531625;51.2259766 51.2259766
20;20;1;6.7814531625 6.7814531625;51.2259766 51.2259766
20;19;1;6.7814531625 6.7787431 6.7796656 6.783808199999999 6.786630695476189;51.2259766 51.233547200000004 51.2380152 51.2423621 51.24722884642857
19;19;1;6.786630695476189 6.786630695476189;51.24722884642857 51.24722884642857
3;3;1;8.499841443064994 8.499841443064994;47.421013358780385 47.421013358780385
3;3;1;8.499841443064994 8.4998386 8.4990989 8.499841443064994;47.421013358780385 47.4215564 47.423057299999996 47.421013358780385
3;17;1;8.499841443064994 8.499305 8.499994300000001 8.5022121 8.499305 8.499994300000001 8.508396099999999 8.5022121 8.508396099999999 8.506262699999999 8.498892 8.500678500000001 8.5034011 8.5091757 8.5197112 8.5323319 8.5396726 8.546855099999998 8.545237191666667;47.421013358780385 47.42301079999999 47.4222403 47.42075 47.42301079999999 47.4222403 47.41983320000001 47.42075 47.41983320000001 47.4202087 47.4215236 47.421104 47.4202852 47.4178399 47.4142696 47.410606099999995 47.4090587 47.4102711 47.41062463333333
17;17;1;8.545237191666667 8.545237191666667;47.41062463333333 47.41062463333333
17;1;1;8.545237191666667 8.543116099999999 8.5415853 8.5313189 8.519907400000001 8.519183 8.507412548555335;47.41062463333333 47.4120885 47.41413920000001 47.4133893 47.4147013 47.414434299999996 47.40839137110055
1;3;1;8.507412548555335 8.5090621 8.5154353 8.5163419 8.499841443064994;47.40839137110055 47.4103848 47.412348 47.4149003 47.421013358780385
3;6;1;8.499841443064994 8.5005906 8.498517300000001 8.499044699999999 8.466827199999999 8.435772 8.447591099999999 8.4609474 8.4685117 8.4841261 8.4889781 8.4857729 8.462653699999999 8.4647898303125;47.421013358780385 47.421148200000005 47.42087120000001 47.4214108 47.4272842 47.4210656 47.408057 47.3978187 47.3898193 47.3834398 47.3914501 47.3917078 47.397338 47.3926001303125
3;5;1;8.499841443064994 8.501223800000002 8.4888749 8.45618101496828;47.421013358780385 47.4215318 47.4260258 47.39906608068079
5;6;1;8.45618101496828 8.4647898303125;47.39906608068079 47.3926001303125
6;5;1;8.4647898303125 8.45618101496828;47.3926001303125 47.39906608068079
5;1;1;8.45618101496828 8.456177199999999 8.462641900000001 8.4486386 8.4491745 8.4398427 8.5021694 8.506532199999999 8.5079624 8.507412548555335;47.39906608068079 47.3989777 47.400828600000004 47.402229600000005 47.4123848 47.4146141 47.420909 47.419259000000004 47.4208383 47.40839137110055
1;3;1;8.507412548555335 8.5063982 8.5061519 8.499841443064994;47.40839137110055 47.414677399999995 47.418156599999996 47.421013358780385
3;5;1;8.499841443064994 8.4915582 8.482994699999999 8.473604199999999 8.462186 8.45618101496828;47.421013358780385 47.411657500000004 47.4171626 47.4130603 47.400285 47.39906608068079
3;3;1;8.499841443064994 8.499352 8.5020212 8.503566099999999 8.506492300000001 8.5077646 8.499841443064994;47.421013358780385 47.42162929999999 47.4211809 47.422087100000006 47.421485600000004 47.4213596 47.421013358780385
3;3;1;8.499841443064994 8.507322 8.505854 8.5006337 8.4985146 8.499841443064994;47.421013358780385 47.4198651 47.4192467 47.4211771 47.4209206 47.421013358780385
3;3;1;8.499841443064994 8.5621242 8.562981 8.5622421 8.5691696 8.545855099999999 8.506453599999999 8.499841443064994;47.421013358780385 47.451014799999996 47.4521318 47.4506191 47.4471813 47.4276211 47.4191857 47.421013358780385
21;21;1;7.751164209848484 7.751164209848484;46.01906186666667 46.01906186666667
3;3;1;8.499841443064994 8.501149400000001 8.500388599999999 8.499841443064994;47.421013358780385 47.4211532 47.421086100000004 47.421013358780385
3;1;1;8.499841443064994 8.5039111 8.5063835 8.507412548555335;47.421013358780385 47.408757200000004 47.408695200000004 47.40839137110055
1;3;1;8.507412548555335 8.5065166 8.499841443064994;47.40839137110055 47.4086794 47.421013358780385
3;3;1;8.499841443064994 8.4985355 8.499841443064994;47.421013358780385 47.4209825 47.421013358780385
3;1;1;8.499841443064994 8.502052599999999 8.5068556 8.5050496 8.507412548555335;47.421013358780385 47.420828 47.416945 47.4089524 47.40839137110055
1;10;1;8.507412548555335 8.5048884 8.4990791 8.496100969999999;47.40839137110055 47.405390600000004 47.4020696 47.40243909
10;1;1;8.496100969999999 8.4988957 8.507412548555335;47.40243909 47.4021065 47.40839137110055
1;22;1;8.507412548555335 8.5052265 8.5145183 8.5326571 8.5383626 8.5419654 8.5440085 8.5465934 8.5492022 8.549183675;47.40839137110055 47.4054286 47.399038 47.3978313 47.3919899 47.3859214 47.3809501 47.3771037 47.375488700000005 47.37405830833333
22;6;1;8.549183675 8.5496382 8.5454109 8.5402058 8.5350921 8.529357699999998 8.528505599999999 8.5209796 8.5138284 8.5117332 8.503051300000001 8.4944957 8.4848161 8.483554 8.4735429 8.4647898303125;47.37405830833333 47.3707649 47.3675276 47.3671505 47.371903 47.3736129 47.3733769 47.370106899999996 47.370264399999996 47.3700396 47.373832 47.37470220000001 47.3754936 47.3834189 47.386678 47.3926001303125
6;3;1;8.4647898303125 8.4490558 8.499841443064994;47.3926001303125 47.4103972 47.421013358780385
3;1;1;8.499841443064994 8.4987078 8.495232000000001 8.4978513 8.5015276 8.503165300000001 8.505111900000001 8.507412548555335;47.421013358780385 47.4191508 47.4132208 47.411053100000004 47.4086982 47.4089297 47.40849 47.40839137110055
1;17;1;8.507412548555335 8.508745900000001 8.5181834 8.545237191666667;47.40839137110055 47.410577200000006 47.4135383 47.41062463333333
3;1;1;8.499841443064994 8.4976255 8.496675 8.497005499999998 8.5038662 8.507412548555335;47.421013358780385 47.4186611 47.4175999 47.4114007 47.408840600000005 47.40839137110055
1;14;1;8.507412548555335 8.508792 8.5349638 8.5395784 8.5489934 8.547313800000001 8.5439994 8.508993199999999 8.5027416 8.506156800000001 8.5159641 8.526972500000001 8.535567 8.54506082;47.40839137110055 47.410470000000004 47.4198189 47.4189924 47.4203272 47.4188775 47.4186185 47.4208536 47.4208955 47.4191399 47.414596200000005 47.413901700000004 47.4166293 47.41801848
14;3;1;8.54506082 8.5427939 8.5342078 8.519499699999999 8.499841443064994;47.41801848 47.4162155 47.4131432 47.415021200000005 47.421013358780385
3;3;1;8.499841443064994 8.5049974 8.499841443064994;47.421013358780385 47.420527299999996 47.421013358780385
3;11;1;8.499841443064994 8.501220300000002 8.4925094 8.4257345 8.4702974 8.4487981 8.434878688690477;47.421013358780385 47.420941 47.4266291 47.3636744 47.214570200000004 47.0934623 47.08599443785714
11;11;1;8.434878688690477 8.434878688690477;47.08599443785714 47.08599443785714
11;6;1;8.434878688690477 8.449843099999999 8.4511912 8.449655900000002 8.4254966 8.4207753 8.4225183 8.4647898303125;47.08599443785714 47.0976482 47.1025702 47.1316085 47.2912287 47.3708571 47.3960534 47.3926001303125
3;1;1;8.499841443064994 8.4971412 8.495587800000001 8.5068164 8.507412548555335;47.421013358780385 47.418341999999996 47.4167162 47.407398799999996 47.40839137110055
1;1;1;8.507412548555335 8.507147900000001 8.5068169 8.507412548555335;47.40839137110055 47.408413200000005 47.407377200000006 47.40839137110055
1;3;1;8.507412548555335 8.499841443064994;47.40839137110055 47.421013358780385
3;3;1;8.499841443064994 8.499841443064994;47.421013358780385 47.421013358780385
1;1;1;8.507412548555335 8.507412548555335;47.40839137110055 47.40839137110055
1;3;1;8.507412548555335 8.5087344 8.5057091 8.5069418 8.499841443064994;47.40839137110055 47.410475899999994 47.4193778 47.4204521 47.421013358780385
3;3;1;8.499841443064994 8.5056393 8.5031562 8.499841443064994;47.421013358780385 47.4204254 47.4205101 47.421013358780385
3;3;1;8.499841443064994 8.4963602 8.4978216 8.5016567 8.502728999999999 8.500720300000001 8.499841443064994;47.421013358780385 47.422622100000005 47.423824700000004 47.4230607 47.421987200000004 47.421171799999996 47.421013358780385
3;1;1;8.499841443064994 8.500933 8.507412548555335;47.421013358780385 47.408946500000006 47.40839137110055
1;1;1;8.507412548555335 8.507412548555335;47.40839137110055 47.40839137110055
1;1;1;8.507412548555335 8.507499000000001 8.507412548555335;47.40839137110055 47.4080143 47.40839137110055
1;1;1;8.507412548555335 8.507412548555335;47.40839137110055 47.40839137110055
5;7;1;8.45618101496828 8.454848199999999 8.453730499999999 8.450891699999998 8.447412743333334;47.39906608068079 47.3987575 47.3985643 47.3980072 47.398479249999994
7;22;1;8.447412743333334 8.490486099999998 8.5405888 8.542758000000001 8.545226 8.5468447 8.549183675;47.398479249999994 47.3908528 47.378454999999995 47.3784868 47.3789249 47.376344 47.37405830833333
22;22;1;8.549183675 8.549183675;47.37405830833333 47.37405830833333
22;7;1;8.549183675 8.548073800000001 8.5462369 8.544170900000001 8.5413653 8.5401984 8.538708 8.517261999999999 8.4472205 8.447412743333334;47.37405830833333 47.374607399999995 47.3767835 47.3765817 47.3773961 47.377916600000006 47.3790532 47.38534620000001 47.3992953 47.398479249999994
7;3;1;8.447412743333334 8.4513416 8.4550472 8.4445652 8.501745800000002 8.499841443064994;47.398479249999994 47.3981479 47.398530799999996 47.4158972 47.4212088 47.421013358780385
3;1;1;8.499841443064994 8.5031538 8.5027756 8.5051916 8.507412548555335;47.421013358780385 47.418991600000005 47.4162119 47.40979960000001 47.40839137110055
1;1;1;8.507412548555335 8.507412548555335;47.40839137110055 47.40839137110055
1;4;1;8.507412548555335 8.505669900000001 8.5319561 8.5373149 8.5421342 8.546461364285715;47.40839137110055 47.4042398 47.39800220000001 47.393642799999995 47.3858603 47.37660243333333
4;4;1;8.546461364285715 8.546461364285715;47.37660243333333 47.37660243333333
4;1;1;8.546461364285715 8.5305381 8.5058837 8.507412548555335;47.37660243333333 47.3978093 47.4043549 47.40839137110055
1;1;1;8.507412548555335 8.507167599999999 8.5074488 8.507097300000002 8.507412548555335;47.40839137110055 47.408023299999996 47.4079698 47.4079753 47.40839137110055
1;3;1;8.507412548555335 8.5080569 8.5072364 8.507221099999999 8.5053365 8.499841443064994;47.40839137110055 47.40894829999999 47.4111862 47.4159985 47.419450399999995 47.421013358780385
3;5;1;8.499841443064994 8.4976635 8.4390567 8.449165400000002 8.4546813 8.45618101496828;47.421013358780385 47.423525399999995 47.4148339 47.41243789999999 47.402044599999996 47.39906608068079
5;3;1;8.45618101496828 8.4559985 8.4559617 8.455913 8.459632899999999 8.4528161 8.448246000000001 8.441788699999998 8.4941325 8.500948199999998 8.499841443064994;47.39906608068079 47.3989963 47.3989606 47.398986799999996 47.398993100000006 47.402229 47.409192700000006 47.4162373 47.4256037 47.4215566 47.421013358780385
3;3;1;8.499841443064994 8.498498699999999 8.499841443064994;47.421013358780385 47.420928499999995 47.421013358780385
1;1;1;8.507412548555335 8.507667999999999 8.507412548555335;47.40839137110055 47.4089072 47.40839137110055
1;3;1;8.507412548555335 8.506348800000001 8.499841443064994;47.40839137110055 47.413216299999995 47.421013358780385
3;3;1;8.499841443064994 8.499841443064994;47.421013358780385 47.421013358780385
3;3;1;8.499841443064994 8.4985094 8.499841443064994;47.421013358780385 47.4209469 47.421013358780385
3;11;1;8.499841443064994 8.424101400000001 8.4495853 8.4363378 8.434878688690477;47.421013358780385 47.2854963 47.1339126 47.0857519 47.08599443785714
10;3;1;8.496100969999999 8.499056699999999 8.5035171 8.502415199999998 8.499841443064994;47.40243909 47.4006554 47.4043255 47.4208691 47.421013358780385
3;3;1;8.499841443064994 8.4964033 8.4980715 8.5011413 8.5019867 8.499841443064994;47.421013358780385 47.4226052 47.4238762 47.4231192 47.421074100000006 47.421013358780385
3;1;1;8.499841443064994 8.5037001 8.5064244 8.508535400000001 8.507774900000001 8.507412548555335;47.421013358780385 47.422121600000004 47.4194121 47.4113666 47.4071084 47.40839137110055
1;1;1;8.507412548555335 8.5077386 8.507412548555335;47.40839137110055 47.409149799999994 47.40839137110055
1;1;1;8.507412548555335 8.507412548555335;47.40839137110055 47.40839137110055
1;3;1;8.507412548555335 8.5068031 8.499095800000001 8.499841443064994;47.40839137110055 47.4081996 47.4193565 47.421013358780385
3;1;1;8.499841443064994 8.5028961 8.5067945 8.507412548555335;47.421013358780385 47.4086161 47.407905 47.40839137110055
1;1;1;8.507412548555335 8.507412548555335;47.40839137110055 47.40839137110055
1;1;1;8.507412548555335 8.507412548555335;47.40839137110055 47.40839137110055
1;1;1;8.507412548555335 8.507412548555335;47.40839137110055 47.40839137110055
1;1;1;8.507412548555335 8.507412548555335;47.40839137110055 47.40839137110055
1;14;1;8.507412548555335 8.518359 8.527609 8.5383286 8.54506082;47.40839137110055 47.413417700000004 47.4180415 47.4173447 47.41801848
14;1;1;8.54506082 8.5455276 8.546898800000001 8.54464 8.529303500000001 8.5193797 8.507620800000002 8.506806 8.507412548555335;47.41801848 47.416918599999995 47.4112821 47.4122024 47.41360529999999 47.414835100000005 47.4116673 47.407917700000006 47.40839137110055
1;1;1;8.507412548555335 8.507412548555335;47.40839137110055 47.40839137110055
1;1;1;8.507412548555335 8.507412548555335;47.40839137110055 47.40839137110055
1;3;1;8.507412548555335 8.508372300000001 8.503306 8.499841443064994;47.40839137110055 47.4080446 47.4091187 47.421013358780385
3;3;1;8.499841443064994 8.499841443064994;47.421013358780385 47.421013358780385
22;22;1;8.549183675 8.549183675;47.37405830833333 47.37405830833333
22;4;1;8.549183675 8.5474287 8.546461364285715;47.37405830833333 47.375394299999996 47.37660243333333
4;4;1;8.546461364285715 8.5461105 8.5448577 8.546461364285715;47.37660243333333 47.375226299999994 47.3749593 47.37660243333333
4;4;1;8.546461364285715 8.544184300000001 8.546461364285715;47.37660243333333 47.37662279999999 47.37660243333333
3;17;1;8.499841443064994 8.5042478 8.5064353 8.5449546 8.5449773 8.545237191666667;47.421013358780385 47.421913700000005 47.4214416 47.4123098 47.411528499999996 47.41062463333333
17;1;1;8.545237191666667 8.5563082 8.5584087 8.558834300000001 8.5562149 8.552421 8.5476726 8.545242800000002 8.543562300000001 8.5441821 8.5410487 8.53089 8.507412548555335;47.41062463333333 47.4110655 47.4106905 47.4129691 47.4131274 47.4131545 47.412876000000004 47.4126347 47.4123736 47.413696 47.4141811 47.4134425 47.40839137110055
1;1;1;8.507412548555335 8.5063334 8.507412548555335;47.40839137110055 47.408525 47.40839137110055
1;3;1;8.507412548555335 8.5089953 8.5063662 8.5062647 8.503847500000001 8.500501400000001 8.499841443064994;47.40839137110055 47.410218799999996 47.4189515 47.421432700000004 47.4220826 47.4210494 47.421013358780385
5;14;1;8.45618101496828 8.4562103 8.5471044 8.54506082;47.39906608068079 47.398973600000005 47.427964 47.41801848
14;1;1;8.54506082 8.5214331 8.507412548555335;47.41801848 47.414273 47.40839137110055
1;3;1;8.507412548555335 8.499841443064994;47.40839137110055 47.421013358780385
3;1;1;8.499841443064994 8.4985362 8.5009327 8.5034168 8.5033936 8.5045127 8.5054064 8.507412548555335;47.421013358780385 47.4209323 47.4199908 47.418627799999996 47.41720479999999 47.41086 47.4093239 47.40839137110055
1;3;1;8.507412548555335 8.5076834 8.5077379 8.5067999 8.5067388 8.506459399999999 8.506616900000001 8.5076866 8.499841443064994;47.40839137110055 47.409119 47.409144 47.4161345 47.4174032 47.4185593 47.419855299999995 47.4212222 47.421013358780385
3;3;1;8.499841443064994 8.499841443064994;47.421013358780385 47.421013358780385
3;1;1;8.499841443064994 8.4996788 8.507412548555335;47.421013358780385 47.409497200000004 47.40839137110055
1;1;1;8.507412548555335 8.5058561 8.523762199999998 8.5358377 8.5415503 8.5441493 8.5468242 8.5486416 8.549655699999999 8.5483523 8.5481342 8.548883 8.5392118 8.536556800000001 8.5201487 8.5070914 8.507412548555335;47.40839137110055 47.4042183 47.398790999999996 47.39520770000001 47.3863179 47.3801686 47.3771269 47.3807465 47.380849299999994 47.3794573 47.3774646 47.3756805 47.39098 47.394798 47.399758399999996 47.4079216 47.40839137110055
1;1;1;8.507412548555335 8.5069893 8.507412548555335;47.40839137110055 47.408047499999995 47.40839137110055
3;14;1;8.499841443064994 8.505714 8.5067464 8.5150537 8.5279389 8.5383772 8.54506082;47.421013358780385 47.4193363 47.419036299999995 47.4150781 47.418158399999996 47.4188278 47.41801848
14;22;1;8.54506082 8.5454442 8.538784300000001 8.534340499999999 8.536538900000002 8.541639300000002 8.548703199999999 8.548526800000001 8.5489146 8.549183675;47.41801848 47.41526270000001 47.4082414 47.4012342 47.3973704 47.392438500000004 47.3767874 47.3767029 47.3756339 47.37405830833333
22;4;1;8.549183675 8.5473408 8.546461364285715;47.37405830833333 47.3752165 47.37660243333333
4;3;1;8.546461364285715 8.5442591 8.5399785 8.533490800000001 8.5182379 8.501101400000001 8.499841443064994;47.37660243333333 47.380075299999994 47.390226500000004 47.3979111 47.4142999 47.421249100000004 47.421013358780385
3;15;1;8.499841443064994 8.5014011 8.5021133 8.506853300000001 8.516589 8.522686300000002 8.530855099999998 8.5333591 8.5336424 8.534942800000001 8.538362300000001 8.537378544736843;47.421013358780385 47.42103579999999 47.4210214 47.418864 47.414554700000004 47.4127771 47.4074533 47.3993968 47.3981482 47.3960397 47.391429200000005 47.37735474736843
15;15;1;8.537378544736843 8.537378544736843;47.37735474736843 47.37735474736843
3;15;1;8.499841443064994 8.5015407 8.50431 8.5078969 8.5478399 8.544704699999999 8.514123800000002 8.537378544736843;47.421013358780385 47.4211321 47.421894200000004 47.421125399999994 47.4189907 47.412199900000005 47.385594399999995 47.37735474736843
3;3;1;8.499841443064994 8.499841443064994;47.421013358780385 47.421013358780385
3;3;1;8.499841443064994 8.499425599999999 8.4970278 8.498250800000001 8.489791499999999 8.4842161 8.492224400000001 8.4983769 8.4979842 8.4959416 8.499841443064994;47.421013358780385 47.4216561 47.424411600000006 47.427929600000006 47.434835299999996 47.432613700000005 47.4299484 47.426903100000004 47.424674700000004 47.4234443 47.421013358780385
3;3;1;8.499841443064994 8.501720599999999 8.500518699999999 8.499841443064994;47.421013358780385 47.4211289 47.421128100000004 47.421013358780385
3;3;1;8.499841443064994 8.4985469 8.498513 8.499841443064994;47.421013358780385 47.4208607 47.4209114 47.421013358780385
3;3;1;8.499841443064994 8.4991809 8.499841443064994;47.421013358780385 47.4214666 47.421013358780385
3;3;1;8.499841443064994 8.499841443064994;47.421013358780385 47.421013358780385
3;5;1;8.499841443064994 8.501925199999999 8.4873724 8.45618101496828;47.421013358780385 47.4209648 47.4255643 47.39906608068079
5;3;1;8.45618101496828 8.4496451 8.499841443064994;47.39906608068079 47.4134233 47.421013358780385
3;3;1;8.499841443064994 8.4985063 8.4966338 8.491635 8.480556 8.4826698 8.4843005 8.4891254 8.493124400000001 8.4982749 8.499841443064994;47.421013358780385 47.4209105 47.4224648 47.423332200000004 47.4281917 47.4291415 47.4314456 47.4285658 47.4262369 47.4231389 47.421013358780385
3;11;1;8.499841443064994 8.5003657 8.447845599999999 8.463604400000001 8.464627199999999 8.448064500000001 8.4533854 8.4640612 8.480861500000001 8.485111300000002 8.4538698 8.4420204 8.451209 8.434878688690477;47.421013358780385 47.4212487 47.402555 47.396063 47.3926596 47.3739609 47.37079310000001 47.3606748 47.3444092 47.2839532 47.2789549 47.269650299999995 47.123005400000004 47.08599443785714
11;3;1;8.434878688690477 8.4349168 8.449822099999999 8.454084199999999 8.4327891 8.4239386 8.4203589 8.499841443064994;47.08599443785714 47.0848934 47.095699100000004 47.1122098 47.1645826 47.2880523 47.3719533 47.421013358780385
3;3;1;8.499841443064994 8.499841443064994;47.421013358780385 47.421013358780385
3;3;1;8.499841443064994 8.499841443064994;47.421013358780385 47.421013358780385
